role_id,user_group_id,menu_id,menu_add,menu_view,menu_edit,menu_delete,menu_approve,menu_reject,created_by,created_on,updated_by,updated_on
6,1,26,,,,,,,,,,
9,1,30,,,,,,,,,,
1534,30,241,,1,,,,,10003409,2015/04/16 11:16:06.000000000,10003409,2015/04/16 11:16:07.000000000
1536,18,194,,,,,,,10003409,2015/04/21 14:59:38.000000000,,
15,1,36,,,,,,,,,,
16,1,50,,,,,,,,,,
17,1,51,,,,,,,,,,
20,1,54,,,,,,,,,,
23,1,57,,,,,,,,,,
24,1,58,,,,,,,,,,
1537,18,196,,1,,,,,10003409,2015/04/21 14:59:42.000000000,10003409,2015/04/21 14:59:43.000000000
27,1,61,,,,,,,,,,
28,1,62,,,,,,,,,,
29,1,63,,,,,,,,,,
30,1,64,,,,,,,,,,
32,1,66,,,,,,,,,,
33,1,67,,,,,,,,,,
34,1,70,,,,,,,,,,
35,1,71,,,,,,,,,,
36,1,72,,,,,,,,,,
39,4,9,,,,,,,,,,
41,4,50,,,,,,,,,,
43,1,74,,,,,,,,,,
1538,18,236,,1,,,,,10003409,2015/04/21 15:00:03.000000000,10003409,2015/04/21 15:00:04.000000000
1541,18,222,,1,,,,,10003409,2015/04/21 15:00:12.000000000,10003409,2015/04/21 15:00:14.000000000
1542,18,223,,1,,,,,10003409,2015/04/21 15:00:13.000000000,10003409,2015/04/21 15:00:14.000000000
1539,18,241,,1,,,,,10003409,2015/04/21 15:00:06.000000000,10003409,2015/04/21 15:00:15.000000000
1548,18,213,,1,,,,,10003409,2015/04/21 15:30:29.000000000,10003409,2015/04/21 15:30:33.000000000
58,1,23,,,,,,,,,,
62,1,14,,,,,,,,,,
63,1,100,,,,,,,,,,
1549,18,231,,1,,,,,10003409,2015/04/21 15:30:42.000000000,10003409,2015/04/21 15:30:44.000000000
67,1,21,,,,,,,,,,
71,1,37,,,,,,,,,,
75,4,54,,,,,,,,,,
79,4,57,,,,,,,,,,
1719,69,23,,,,,,,50002084,2017/01/26 11:49:08.000000000,,
86,10,7,,,,,,,,,,
89,4,36,,,,,,,,,,
91,4,37,,,,,,,,,,
1690,10,380,1,1,1,1,1,1,10003673,2016/10/31 08:59:20.000000000,10003673,2016/10/31 08:59:25.000000000
1784,10,434,,,,,,,robai,2017/05/23 17:44:21.000000000,,
1720,69,25,0,1,0,0,1,0,50002084,2017/01/26 11:49:11.000000000,50002084,2017/01/26 12:02:00.000000000
1721,68,30,,,,,,,10003409,2017/01/31 09:01:19.000000000,,
110,4,26,,,,,,,,,,
1550,18,201,,1,,,,,10003409,2015/04/21 15:30:52.000000000,10003409,2015/04/21 15:30:53.000000000
119,2,50,,,,,,,,,,
120,2,3,,,,,,,,,,
1786,73,23,,,,,,,10003409,2017/07/21 09:19:44.000000000,,
123,2,57,,,,,,,,,,
124,2,17,,,,,,,,,,
787,27,53,,1,,,,,,,,
126,2,54,,,,,,,,,,
128,1,7,,,,,,,,,,
1795,77,210,,,,,,,10003409,2017/11/10 13:44:16.000000000,,
130,1,108,,,,,,,,,,
132,4,21,,,,,,,,,,
133,10,14,,,,,,,,,,
135,10,66,,,,,,,,,,
784,27,56,,1,,,,,,,,
137,10,23,,,,,,,,,,
140,10,21,,,,,,,,,,
94,4,33,0,1,0,0,,,,,10003285,2015/05/07 13:16:38.000000000
138,10,25,1,1,1,1,1,1,,,10003409,2015/09/08 14:53:14.000000000
147,10,50,,,,,,,,,,
95,4,97,0,1,0,,,,,,10001976,2015/05/07 16:11:00.000000000
158,10,64,,,,,,,,,,
159,10,8,,,,,,,,,,
148,10,3,,1,,,,,,,,
122,2,56,0,1,0,0,0,0,,,,
127,2,53,0,1,0,0,0,0,,,,
785,27,17,,1,,,,,,,,
141,10,95,,1,,,,,,,,
139,10,24,1,1,1,1,1,1,,,10003409,2015/09/08 14:52:49.000000000
1631,46,30,,,,,,,10003409,2015/12/02 08:53:29.000000000,,
40,4,17,,1,,,,,,,,
163,5,32,1,1,1,,,,,,,
93,4,31,0,1,,,,,,,,
97,4,38,,1,,,,,,,,
1153,27,225,,1,,,,,,,,
117,4,106,1,1,1,1,,,,,,
114,4,41,,1,,,,,,,,
118,4,102,0,1,0,0,,,,,,
115,4,44,1,1,1,1,,,,,,
3,1,8,1,1,1,1,1,1,,,,
113,4,28,,1,,,,,,,,
720,19,106,,1,,,,,,,,
173,5,50,,,,,,,,,,
181,5,30,,,,,,,,,,
721,19,200,,1,,,,,,,,
723,19,199,,1,,,,,,,,
722,19,197,,1,,,,,,,,
724,19,194,,,,,,,,,,
725,19,195,,1,,,,,,,,
726,19,196,,1,,,,,,,,
728,19,40,,1,,,,,,,,
213,12,126,,,,,,,,,,
214,2,7,,,,,,,,,,
18,1,52,1,1,1,1,1,1,,,,
153,1,29,1,1,1,1,1,1,,,,
14,1,35,1,1,1,1,1,1,,,,
19,1,53,1,1,1,1,1,1,,,,
61,1,102,1,1,1,1,1,1,,,,
52,1,94,1,1,1,1,1,1,,,,
13,1,34,1,1,1,1,1,1,,,,
59,1,25,1,1,1,1,1,1,,,,
51,1,44,1,1,1,1,1,1,,,,
68,1,95,1,1,1,1,1,1,,,,
47,1,38,1,1,1,1,1,1,,,,
146,1,69,1,1,1,1,1,1,,,,
69,1,96,1,1,1,1,1,1,,,,
25,1,59,1,1,1,1,1,1,,,,
60,1,24,1,1,1,1,1,1,,,,
7,1,27,1,1,1,1,1,1,,,,
217,2,35,,1,,,,,,,10003409,2013/12/05 11:29:14.000000000
37,1,92,1,1,1,1,1,1,,,,
1633,46,221,,1,,,,,10003409,2015/12/02 08:53:42.000000000,10003409,2015/12/02 08:53:52.000000000
87,1,99,1,1,1,1,1,1,,,,
8,1,28,1,1,1,1,1,1,,,,
1634,46,222,,1,,,,,10003409,2015/12/02 08:53:47.000000000,10003409,2015/12/02 08:53:53.000000000
149,10,56,1,1,1,1,1,1,,,10003409,2014/11/20 16:32:04.000000000
1635,46,223,,1,,,,,10003409,2015/12/02 08:53:48.000000000,10003409,2015/12/02 08:53:56.000000000
1636,46,26,,,,,,,10003409,2015/12/02 08:54:15.000000000,,
70,1,18,1,1,1,1,1,1,,,,
73,4,52,1,1,1,1,1,1,,,10101000,2015/02/02 09:38:07.000000000
1637,46,28,,1,,,,,10003409,2015/12/02 08:54:17.000000000,10003409,2015/12/02 08:54:19.000000000
1638,46,245,,,,,,,10003409,2015/12/02 08:55:08.000000000,,
150,10,17,1,1,1,1,1,1,,,10001259,2014/11/21 11:23:28.000000000
222,2,97,,,,,,,,,,
224,2,41,,,,,,,,,,
1668,61,245,,,,,,,10003409,2016/03/16 18:12:18.000000000,,
233,2,122,,,,,,,,,,
235,2,21,,,,,,,,,,
1669,61,246,,1,,,,,10003409,2016/03/16 18:12:20.000000000,10003409,2016/03/16 18:12:21.000000000
240,2,26,,,,,,,,,,
244,2,14,,,,,,,,,,
245,10,30,,,,,,,,,,
177,5,17,1,1,,,,,,,10003608,2015/02/03 14:21:44.000000000
252,10,26,,,,,,,,,,
1535,30,236,,1,,,,,10003409,2015/04/16 11:16:46.000000000,10003409,2015/04/16 11:16:48.000000000
262,5,21,,,,,,,,,,
792,27,30,,,,,,,,,,
800,27,31,,1,,,,,,,,
793,27,34,,1,,,,,,,,
794,27,35,,1,,,,,,,,
798,27,33,,1,,,,,,,,
795,27,120,,1,,,,,,,,
796,27,166,,1,,,,,,,,
797,27,169,,1,,,,,,,,
281,10,44,0,1,0,0,0,0,,,,
342,2,8,,1,,,,,,,,
345,2,30,,,,,,,,,,
215,2,60,,1,,,,,,,,
269,10,60,,1,,,,,,,,
223,2,40,,1,,,,,,,,
226,2,94,0,1,,,,,,,,
1723,70,235,,1,,,,,VACANTCCGEM,2017/02/01 16:40:02.000000000,VACANTCCGEM,2017/02/01 16:40:03.000000000
232,2,102,,1,,,,,,,,
1787,73,25,,1,,,,,10003409,2017/07/21 09:19:45.000000000,10003409,2017/07/21 09:19:47.000000000
1855,79,66,,,,,,,10003017,2018/01/09 11:57:45.000000000,,
241,2,99,,1,,,,,,,,
242,2,27,,1,,,,,,,,
243,2,28,,1,,,,,,,,
275,10,106,,1,,,,,,,,
85,10,29,1,0,0,0,0,1,,,,
1540,18,221,,1,,,,,10003409,2015/04/21 15:00:10.000000000,10003409,2015/04/21 15:00:11.000000000
270,10,1,,1,,,,,,,,
246,10,34,,1,,,,,,,,
249,10,31,,1,,,,,,,,
272,10,32,,1,,,,,,,,
273,10,33,,1,,,,,,,,
274,10,97,,1,,,,,,,,
277,10,38,,1,,,,,,,,
278,10,39,,1,,,,,,,,
279,10,40,,1,,,,,,,,
280,10,41,,1,,,,,,,,
174,5,3,,1,,,,,,,,
282,10,94,,1,,,,,,,,
302,10,122,,1,,,,,,,,
253,10,99,,1,,,,,,,,
255,10,28,,1,,,,,,,,
254,10,27,,1,,,,,,,,
236,2,95,,1,,,,,,,,
188,5,38,,1,,,,,,,,
351,3,53,1,1,1,1,1,1,,,10003409,2016/09/14 17:52:43.000000000
164,5,33,1,1,1,,,,,,,
1551,18,41,,1,,,,,10003409,2015/04/21 15:31:04.000000000,10003409,2015/04/21 15:31:06.000000000
189,5,39,1,1,1,,,,,,,
78,4,56,1,1,1,0,1,1,,,88003273,2015/05/27 15:50:21.000000000
1574,1,292,1,1,1,,,,admin,2015/08/03 22:24:49.000000000,admin,2015/08/03 22:24:52.000000000
2072,10,457,,1,,,,,10003409,2019/07/04 00:29:33.000000000,10003409,2019/07/04 00:29:41.000000000
190,5,40,1,1,1,,,,,,,
261,5,128,,1,,,,,,,,
1591,54,25,,1,,,,,88003264,2015/09/04 15:05:51.000000000,88003264,2015/09/04 15:10:12.000000000
76,4,3,0,1,0,0,,,,,,
1722,68,235,1,1,1,1,1,1,10003409,2017/01/31 09:01:20.000000000,10003409,2017/01/31 09:02:06.000000000
258,4,127,,1,,,,,,,,
256,4,128,,1,,,,,,,,
344,4,120,1,1,1,1,1,1,,,,
727,19,38,,1,,,,,,,,
730,19,94,,1,,,,,,,,
729,19,41,,1,,,,,,,,
346,2,106,,1,,,,,,,,
731,19,102,,1,,,,,,,,
1732,4,387,,1,,,,,10003409,2017/02/03 08:53:09.000000000,10003409,2017/02/03 08:53:11.000000000
1399,15,25,,1,,,1,1,10003409,2014/07/08 09:57:21.000000000,10003363,2015/09/07 15:41:55.000000000
734,19,21,,,,,,,,,,
735,19,128,,1,,,,,,,,
804,27,38,,1,,,,,,,,
1603,2,171,,1,,,,,10003409,2015/10/14 22:46:41.000000000,10003409,2015/10/14 22:46:43.000000000
806,27,40,,1,,,,,,,,
809,27,94,,1,,,,,,,,
1737,65,245,,,,,,,10003413,2017/02/07 20:01:03.000000000,,
807,27,41,,1,,,,,,,,
2074,58,246,,1,,,,,50002182,2019/07/19 15:56:47.000000000,50002182,2019/07/19 15:56:51.000000000
1738,65,246,1,1,,,,,10003413,2017/02/07 20:01:06.000000000,10003413,2017/02/07 20:01:07.000000000
814,27,21,,,,,,,,,,
816,27,26,,,,,,,,,,
820,27,14,,,,,,,,,,
191,5,41,,1,,,,,,,10003409,2015/10/14 23:16:47.000000000
822,27,171,,1,,,,,,,,
2138,10,458,,1,,,,,mbali,2019/09/17 14:09:48.000000000,mbali,2019/09/17 14:09:52.000000000
2139,85,23,,,,,,,10003409,2019/09/19 16:35:46.000000000,,
828,3,164,,,,,,,,,,
830,4,164,,,,,,,,,,
1154,4,213,,1,,0,,,,,10003409,2014/04/07 22:59:22.000000000
834,27,201,,1,,,,,,,,
801,27,194,,1,,,,,,,,
802,27,195,,1,,,,,,,,
803,27,196,,1,,,,,,,,
815,27,128,,1,,,,,,,,
817,27,99,,1,,,,,,,,
818,27,27,,1,,,,,,,,
819,27,28,,1,,,,,,,,
350,3,17,,1,,,,,,,,
352,3,26,,,,,,,,,,
276,10,98,1,1,,,,,,,10003409,2017/03/17 13:07:11.000000000
219,2,31,,1,,,,,,,10003409,2019/08/07 17:13:49.000000000
355,3,28,,1,,,,,,,,
356,3,14,,,,,,,,,,
357,3,50,,,,,,,,,,
358,3,30,,,,,,,,,,
1155,10,221,,1,,,,,,,,
1156,10,222,,1,,,,,,,,
1157,10,223,,1,,,,,,,,
1612,15,196,,1,,,,,10003409,2015/10/15 06:20:51.000000000,10003409,2015/10/15 06:20:52.000000000
218,2,120,,1,,,,,,,10003409,2013/12/05 11:29:14.000000000
343,1,120,1,1,1,1,1,1,,,,
810,27,102,,1,,,,,,,10003409,2013/12/23 13:56:41.000000000
22,1,56,1,1,1,1,1,1,,,,
74,4,53,1,1,1,0,1,1,,,10101000,2015/02/02 09:37:45.000000000
175,5,55,0,1,0,0,,,,,10003409,2014/12/05 14:55:10.000000000
178,5,52,0,1,0,0,0,,,,10003409,2015/02/04 09:22:31.000000000
176,5,56,0,1,0,0,0,0,,,10003409,2014/12/05 14:55:10.000000000
1639,46,246,,1,,,,,10003409,2015/12/02 08:55:10.000000000,10003409,2015/12/02 08:55:12.000000000
1627,10,235,1,1,1,1,1,1,VacantJB14,2015/11/10 14:59:31.000000000,VacantJB14,2015/11/10 15:02:08.000000000
429,18,128,,1,,,,,,,,
428,18,127,,1,,,,,,,,
427,18,59,,1,,,,,,,,
362,2,29,,1,,,,,,,,
363,2,1,,,,,,,,,,
736,19,26,,,,,,,,,,
424,18,122,,1,,,,,,,,
423,18,102,,1,,,,,,,,
1693,10,394,1,1,1,1,1,1,10101000,2016/11/07 23:18:11.000000000,10101000,2016/11/07 23:18:19.000000000
360,3,35,,1,0,0,0,0,,,,
1692,10,393,1,1,1,,1,1,10101000,2016/11/07 23:18:10.000000000,10101000,2016/11/07 23:18:19.000000000
1691,10,392,1,1,1,1,1,1,10101000,2016/11/07 23:18:09.000000000,10101000,2016/11/07 23:18:19.000000000
1724,70,14,,,,,,,VACANTCCGEM,2017/02/01 16:40:46.000000000,,
361,3,120,,1,0,0,0,0,,,,
1716,66,53,1,1,1,1,1,1,10003409,2017/01/10 14:26:28.000000000,10003409,2017/01/10 14:28:28.000000000
1788,27,170,1,1,,,,,10003409,2017/08/28 16:58:15.000000000,10003409,2017/08/28 16:58:19.000000000
1856,79,69,,,,,,,10003017,2018/01/09 11:58:00.000000000,,
1901,83,210,,,,,,,10001060,2018/09/26 10:28:03.000000000,,
380,3,102,1,1,1,1,1,1,,,50002084,2017/09/07 17:59:49.000000000
381,3,122,,1,,,,,,,,
386,1,163,,,,,,,,,,
387,2,163,,,,,,,,,,
388,3,163,,,,,,,,,,
389,4,163,,,,,,,,,,
390,5,163,,,,,,,,,,
392,19,163,,,,,,,,,,
1543,18,171,,1,,,,,10003409,2015/04/21 15:01:04.000000000,10003409,2015/04/21 15:01:05.000000000
396,10,163,,,,,,,,,,
398,18,8,,1,,,,,,,,
400,18,50,,,,,,,,,,
407,18,30,,,,,,,,,,
737,19,99,,1,,,,,,,,
426,18,21,,,,,,,,,,
441,18,28,,1,,,,,,,,
417,18,94,,1,,,,,,,,
415,18,40,,1,,,,,,,,
416,18,38,,1,,,,,,,,
414,18,106,,1,,,,,,,,
413,18,97,,1,,,,,,,,
412,18,33,,1,,,,,,,,
411,18,31,,1,,,,,,,,
410,18,120,,1,,,,,,,,
409,18,35,,1,,,,,,,,
408,18,34,,1,,,,,,,,
404,18,53,,1,,,,,,,,
403,18,17,,1,,,,,,,,
402,18,56,,1,,,,,,,,
401,18,3,,1,,,,,,,,
442,18,64,,,,,,,,,,
443,18,14,,,,,,,,,,
444,16,7,,,,,,,,,,
446,16,50,,,,,,,,,,
453,16,30,,,,,,,,,,
459,16,97,,,,,,,,,,
468,16,23,,,,,,,,,,
471,16,26,,,,,,,,,,
831,5,164,,,,,,,,,,
477,16,163,,,,,,,,,,
445,16,8,,1,,,,,,,,
447,16,3,,1,,,,,,,,
448,16,56,,1,,,,,,,,
449,16,17,,1,,,,,,,,
450,16,53,,1,,,,,,,,
452,16,1,,1,,,,,,,,
454,16,34,,1,,,,,,,,
455,16,35,,1,,,,,,,,
456,16,120,,1,,,,,,,,
457,16,31,,1,,,,,,,,
458,16,33,,1,,,,,,,,
460,16,106,,1,,,,,,,,
461,16,40,,1,,,,,,,,
479,16,38,,1,,,,,,,,
462,16,41,,1,,,,,,,,
463,16,94,,1,,,,,,,,
464,16,102,,1,,,,,,,,
465,16,122,,1,,,,,,,,
467,16,25,,1,,,,,,,,
472,16,99,,1,,,,,,,,
473,16,27,,1,,,,,,,,
474,16,28,,1,,,,,,,,
480,15,7,,,,,,,,,,
482,15,50,,,,,,,,,,
489,15,30,,,,,,,,,,
498,15,41,,1,,,,,,,,
497,15,40,,1,,,,,,,,
496,15,38,,1,,,,,,,,
495,15,106,,1,,,,,,,,
494,15,97,,1,,,,,,,,
493,15,33,,1,,,,,,,,
492,15,120,,1,,,,,,,,
491,15,35,,1,,,,,,,,
490,15,34,,1,,,,,,,,
488,15,1,,1,,,,,,,,
486,15,53,,1,,,,,,,,
485,15,17,,1,,,,,,,,
484,15,56,,1,,,,,,,,
483,15,3,,1,,,,,,,,
481,15,8,,1,,,,,,,,
500,15,102,,1,,,,,,,,
739,19,27,,1,,,,,,,,
738,19,28,,1,,,,,,,,
740,19,165,,,,,,,,,,
835,10,178,,1,,,,,,,,
503,15,26,,,,,,,,,,
501,15,122,,1,,,,,,,,
283,10,102,0,1,0,,,,,,,
1552,18,96,,1,,,,,10003409,2015/04/21 15:31:42.000000000,10003409,2015/04/21 15:31:43.000000000
862,16,208,,,,,,,,,,
863,16,205,,,,,,,,,,
872,19,129,,1,,,,,,,,
873,19,201,,1,,,,,,,,
1594,54,246,,1,,,,,88003264,2015/09/04 15:11:05.000000000,88003264,2015/09/04 15:11:08.000000000
1575,10,292,1,,1,,,,admin,2015/08/03 22:25:25.000000000,admin,2015/08/03 22:25:28.000000000
884,10,210,,,,,,,,,,
836,10,55,1,1,1,1,1,1,,,10003665,2014/11/24 09:03:48.000000000
1595,54,245,,,,,,,88003264,2015/09/04 15:11:12.000000000,,
1598,4,30,,,,,,,10003409,2015/09/28 15:30:04.000000000,,
1599,55,245,,,,,,,10003409,2015/09/28 17:19:07.000000000,,
1601,2,199,,1,,,,,10003409,2015/10/14 22:44:04.000000000,10003409,2015/10/14 22:44:06.000000000
1604,2,33,,1,,,,,10003409,2015/10/14 22:50:21.000000000,10003409,2015/10/14 22:50:48.000000000
1609,4,200,,1,,,,,10003409,2015/10/14 23:02:01.000000000,10003409,2015/10/14 23:02:02.000000000
1613,16,236,,1,,,,,10003409,2015/10/15 06:24:07.000000000,10003409,2015/10/15 06:24:08.000000000
1614,45,163,,,,,,,10003409,2015/10/15 09:46:20.000000000,,
1615,17,163,,,,,,,10003409,2015/10/15 09:47:31.000000000,,
1616,18,7,,,,,,,10003409,2015/10/15 10:22:17.000000000,,
1617,35,245,,,,,,,88003263,2015/10/15 11:17:54.000000000,,
1618,1,291,1,,1,1,,,10003666,2015/10/21 14:29:59.000000000,10003666,2015/10/21 14:30:03.000000000
1619,45,102,,1,,,,,10003409,2015/10/22 11:02:47.000000000,10003409,2015/10/22 11:02:49.000000000
1626,55,246,,1,,,,,10003285,2015/10/27 11:26:58.000000000,10003285,2015/10/27 11:27:01.000000000
1641,28,245,,,,,,,10003285,2015/12/21 15:16:32.000000000,,
1643,10,293,1,1,1,,,,88001382,2015/12/29 06:55:29.000000000,88001382,2015/12/29 06:55:48.000000000
1640,2,170,1,1,1,1,1,1,10003409,2015/12/16 13:23:42.000000000,10003409,2015/12/16 13:23:46.000000000
888,27,210,,,,,,,,,,
889,27,212,,1,,,,,,,,
893,19,213,1,1,1,1,,,,,,
1992,65,28,,,,,,,88003651,2019/02/18 13:54:11.000000000,,
896,30,7,,,,,,,,,,
898,30,210,,,,,,,,,,
899,30,50,,,,,,,,,,
897,30,8,,1,,,,,,,,
900,30,3,,1,,,,,,,,
901,30,55,,1,,,,,,,,
902,30,56,,1,,,,,,,,
903,30,17,,1,,,,,,,,
904,30,52,,1,,,,,,,,
905,30,53,,1,,,,,,,,
906,30,213,,1,,,,,,,,
907,30,214,,1,,,,,,,,
504,15,99,,1,,,,,,,,
594,10,170,1,1,1,1,0,1,,,88001970,2015/03/26 10:46:00.000000000
856,15,204,,1,,,,,,,,
1544,18,245,,,,,,,10003409,2015/04/21 15:01:27.000000000,,
1553,18,233,,1,,,,,10003409,2015/04/21 15:35:21.000000000,10003409,2015/04/21 15:35:29.000000000
890,27,209,,1,,,,,,,,
1554,18,150,,1,,,,,10003409,2015/04/21 15:35:31.000000000,10003409,2015/04/21 15:35:32.000000000
913,30,30,,,,,,,,,,
908,30,60,,1,,,,,,,,
909,30,178,,1,,,,,,,,
910,30,179,,1,,,,,,,,
911,30,1,,1,,,,,,,,
912,30,129,,1,,,,,,,,
914,30,34,,1,,,,,,,,
915,30,35,,1,,,,,,,,
916,30,120,,1,,,,,,,,
917,30,166,,1,,,,,,,,
919,30,212,,1,,,,,,,,
920,30,31,,1,,,,,,,,
921,30,32,,1,,,,,,,,
922,30,33,,1,,,,,,,,
923,30,169,,1,0,,,,,,,
924,30,201,,1,,,,,,,,
925,30,97,,1,,,,,,,,
926,30,98,,1,,,,,,,,
927,30,106,,1,,,,,,,,
928,30,200,,1,,,,,,,,
929,30,197,,1,,,,,,,,
930,30,198,,1,,,,,,,,
931,30,199,,1,,,,,,,,
932,30,194,,1,,,,,,,,
933,30,195,,1,,,,,,,,
934,30,196,,1,,,,,,,,
935,30,38,,1,,,,,,,,
936,30,39,,1,,,,,,,,
505,15,27,,1,,,,,,,,
1557,50,246,,1,,,,,10001220,2015/04/22 14:37:50.000000000,10001220,2015/04/22 14:37:56.000000000
780,27,3,,1,,,,,,,,
1556,50,245,,,,,,,10001220,2015/04/22 14:37:40.000000000,,
323,27,97,,1,,,,,,,,
325,27,106,,1,,,,,,,,
654,27,197,,1,,,,,,,,
1564,51,30,,,,,,,88001970,2015/07/02 11:41:47.000000000,,
1568,10,285,,,,,,,10003409,2015/08/03 21:05:21.000000000,,
1696,10,387,1,1,1,1,1,1,10101000,2016/11/07 23:21:27.000000000,10101000,2016/11/07 23:21:34.000000000
779,27,50,,,,,,,,,,
554,4,169,0,1,0,0,,,,,10003285,2015/05/07 13:17:09.000000000
947,30,21,,,,,,,,,,
953,30,23,,,,,,,,,,
956,30,26,,,,,,,,,,
960,30,62,,,,,,,,,,
962,30,66,,,,,,,,,,
971,30,14,,,,,,,,,,
975,30,18,,,,,,,,,,
976,30,163,,,,,,,,,,
977,30,165,,,,,,,,,,
937,30,40,,1,,,,,,,,
938,30,41,,1,,,,,,,,
939,30,44,,1,,,,,,,,
940,30,94,,1,,,,,,,,
941,30,209,,1,,,,,,,,
945,30,102,,1,,,,,,,,
946,30,100,,1,,,,,,,,
948,30,95,,1,,,,,,,,
949,30,96,,1,,,,,,,,
950,30,59,,1,,,,,,,,
951,30,127,,1,,,,,,,,
952,30,128,,1,,,,,,,,
954,30,25,,1,,,,,,,,
955,30,24,,1,,,,,,,,
957,30,99,,1,,,,,,,,
958,30,27,,1,,,,,,,,
959,30,28,,1,,,,,,,,
961,30,175,,1,,,,,,,,
964,30,176,,1,,,,,,,,
963,30,69,,1,,,,,,,,
965,30,174,,1,,,,,,,,
966,30,173,,1,,,,,,,,
967,30,172,,1,,,,,,,,
968,30,92,,1,,,,,,,,
969,30,104,,1,,,,,,,,
970,30,167,,1,,,,,,,,
972,30,170,,1,,,,,,,,
973,30,171,,1,,,,,,,,
506,15,28,,1,,,,,,,,
1562,4,39,1,1,1,1,,,88001477,2015/05/07 15:28:40.000000000,88001477,2015/05/07 15:28:43.000000000
1576,4,286,,1,,,,,10101000,2015/08/04 11:58:46.000000000,10101000,2015/08/04 11:58:52.000000000
1680,10,378,1,1,,,,,10101000,2016/06/08 06:12:31.000000000,10101000,2016/06/08 06:12:34.000000000
1681,10,379,1,1,,,,,10101000,2016/06/08 06:12:31.000000000,10101000,2016/06/08 06:12:35.000000000
1861,79,170,1,1,1,1,1,1,10003017,2018/01/09 11:59:11.000000000,10002988,2018/01/17 15:45:36.000000000
758,17,53,,1,,,,,,,,
757,17,17,,1,,,,,,,,
756,17,56,,1,,,,,,,,
755,17,3,,1,,,,,,,,
769,17,50,,,,,,,,,,
1579,4,289,1,1,1,1,1,1,10101000,2015/08/04 11:58:49.000000000,10003409,2015/12/29 07:04:43.000000000
507,15,164,,,,,,,,,,
508,15,163,,,,,,,,,,
499,15,94,,1,,,,,,,,
1578,4,288,1,1,1,1,1,1,10101000,2015/08/04 11:58:48.000000000,10003409,2015/12/29 07:04:42.000000000
1577,4,287,1,1,1,1,1,1,10101000,2015/08/04 11:58:47.000000000,10003409,2015/12/29 07:04:39.000000000
1694,10,385,1,1,1,1,1,1,10101000,2016/11/07 23:21:26.000000000,10101000,2016/11/07 23:21:30.000000000
612,5,97,,1,,,,,,,,
520,27,164,,,,,,,,,,
590,10,173,1,1,1,1,1,1,,,,
521,27,163,,,,,,,,,,
1906,83,30,,,,,,,10001060,2018/09/26 10:28:57.000000000,,
849,2,164,,,,,,,,,,
591,10,172,1,1,1,1,1,1,,,,
1866,79,426,1,1,1,,,,10003017,2018/01/09 11:59:57.000000000,10003017,2018/01/09 12:00:18.000000000
536,10,120,,1,,,,,,,,
574,10,200,,1,,,,,,,,
887,1,212,1,1,1,1,1,1,yaddi-admin,2012/11/14 03:38:26.562000000,,
870,3,204,,1,,,,,,,,
772,1,128,1,1,1,1,1,1,,,,
895,1,167,1,1,1,1,1,1,,,,
771,1,127,1,1,1,1,1,1,,,,
876,10,169,,1,,,,,,,,
535,10,35,0,1,0,,,,,,,
892,10,214,,1,,,,,,,,
891,10,213,,1,,1,,,,,88003263,2014/04/07 23:26:48.000000000
582,4,197,0,1,0,,,,,,88001477,2015/05/07 15:28:23.000000000
575,10,197,,1,,,,,,,,
576,10,198,,1,,,,,,,,
577,10,199,,1,,,,,,,,
578,10,194,,1,,,,,,,,
579,10,195,,1,,,,,,,,
852,10,208,1,1,,,,,,,10003409,2015/05/28 14:51:12.000000000
541,10,59,,1,,,,,,,,
522,10,128,,1,,,,,,,,
142,10,96,1,1,1,1,1,1,,,,
524,1,165,,,,,,,,,,
525,10,165,,,,,,,,,,
526,16,165,,,,,,,,,,
850,2,204,,1,,,,,,,,
528,18,165,,,,,,,,,,
529,22,165,,,,,,,,,,
531,24,165,,,,,,,,,,
532,26,165,,,,,,,,,,
533,28,165,,,,,,,,,,
539,15,31,,,,,,,,,,
540,15,166,,,,,,,,,,
545,15,21,,,,,,,,,,
548,16,21,,,,,,,,,,
549,16,128,,1,,,,,,,,
550,16,59,,1,,,,,,,,
551,2,59,,1,,,,,,,,
552,2,128,,1,,,,,,,,
1565,51,235,1,1,1,,,,88001970,2015/07/02 11:41:47.000000000,88001970,2015/07/02 11:41:53.000000000
559,2,166,,,,,,,,,,
561,4,193,,,,,,,,,,
562,4,193,,,,,,,,,,
584,4,199,0,1,0,0,,,,,10003835,2015/05/07 13:50:40.000000000
595,10,171,1,1,1,1,1,0,,,10101000,2016/05/11 10:13:26.000000000
136,10,69,1,1,1,1,1,1,,,,
1695,10,386,1,1,1,1,1,,10101000,2016/11/07 23:21:26.000000000,10101000,2016/11/07 23:21:33.000000000
1671,10,372,1,1,1,1,1,1,88003293,2016/03/31 06:27:57.000000000,88003293,2016/03/31 06:28:06.000000000
673,3,171,1,1,1,,,,,,10003409,2016/08/24 19:37:23.000000000
589,10,174,1,1,1,1,1,1,,,,
600,15,194,,,,,,,,,,
547,15,128,,1,,,,,,,,
546,15,59,,1,,,,,,,,
1796,77,225,1,1,1,1,,,10003409,2017/11/10 13:44:17.000000000,10003409,2017/11/10 13:44:29.000000000
1555,18,26,,,,,,,10003409,2015/04/21 15:37:30.000000000,,
1545,18,246,,1,,,,,10003409,2015/04/21 15:01:29.000000000,10003409,2015/04/21 15:37:58.000000000
538,10,167,1,1,1,1,1,1,,,,
1602,2,236,,1,,,,,10003409,2015/10/14 22:45:20.000000000,10003409,2015/10/14 22:45:24.000000000
2157,5,385,,,,,,,88003651,2020/01/02 16:45:38.000000000,,
2073,10,456,,1,,,,,10101000,2019/07/04 00:31:52.000000000,10101000,2019/07/04 00:31:54.000000000
90,4,35,1,1,1,1,1,1,,,,
581,4,201,1,1,1,1,,,,,,
1566,51,236,,1,,,,,88001970,2015/07/02 11:42:00.000000000,88001970,2015/07/02 11:43:31.000000000
99,4,40,1,1,1,1,,,,,,
1569,10,291,,1,,,,,10101000,2015/08/03 21:52:40.000000000,10101000,2015/08/03 21:52:41.000000000
116,4,94,1,1,1,1,,,,,,
537,4,166,1,1,1,1,1,1,,,,
1791,3,223,1,1,1,1,1,1,50002084,2017/09/06 15:33:05.000000000,10003409,2017/09/07 17:39:05.000000000
560,2,169,,1,,,,,,,10003409,2015/10/14 22:50:51.000000000
1606,2,196,,,,,,,10003409,2015/10/14 22:52:26.000000000,,
1699,10,383,1,1,1,1,1,1,10101000,2016/11/07 23:21:38.000000000,10101000,2016/11/07 23:21:45.000000000
1698,10,382,1,1,1,1,1,1,10101000,2016/11/07 23:21:38.000000000,10101000,2016/11/07 23:21:44.000000000
596,2,197,,1,,,,,,,10003409,2015/10/14 22:57:41.000000000
1605,2,194,,1,,,,,10003409,2015/10/14 22:52:15.000000000,10003409,2015/10/14 22:57:56.000000000
1610,5,231,1,1,0,,,,10003409,2015/10/14 23:13:07.000000000,10003409,2015/10/14 23:13:12.000000000
1580,1,286,1,1,1,1,1,1,88003587,2015/08/06 09:14:17.000000000,88003587,2015/08/06 09:14:28.000000000
1581,1,287,1,1,1,1,1,1,88003587,2015/08/06 09:14:17.000000000,88003587,2015/08/06 09:14:29.000000000
1582,1,288,1,1,1,1,1,1,88003587,2015/08/06 09:14:18.000000000,88003587,2015/08/06 09:14:29.000000000
1583,1,289,1,1,1,1,1,1,88003587,2015/08/06 09:14:18.000000000,88003587,2015/08/06 09:14:29.000000000
1621,55,21,,,,,,,10004042,2015/10/26 17:18:04.000000000,,
1622,55,59,,1,,,,,10004042,2015/10/26 17:18:08.000000000,10004042,2015/10/26 17:18:13.000000000
1623,55,127,,1,,,,,10004042,2015/10/26 17:18:10.000000000,10004042,2015/10/26 17:18:13.000000000
1624,55,128,,1,,,,,10004042,2015/10/26 17:18:11.000000000,10004042,2015/10/26 17:18:14.000000000
557,1,166,,0,,,,,,,,
650,33,14,,,,,,,,,,
651,33,171,,1,,,,,,,,
534,10,166,0,1,0,,,,,,,
663,3,166,,1,,,,,,,,
1697,10,381,1,1,1,1,1,1,10101000,2016/11/07 23:21:37.000000000,10101000,2016/11/07 23:21:44.000000000
1869,79,245,,,,,,,10003017,2018/01/09 12:00:30.000000000,,
719,19,97,,1,,,,,,,,
1873,40,25,,1,,,,,10003409,2018/02/06 14:37:56.000000000,10003409,2018/02/06 14:38:00.000000000
1393,10,234,1,1,1,1,1,1,admin,2014/06/29 13:52:32.768329000,10003409,2015/10/27 14:05:39.000000000
676,10,185,,1,,,,,,,,
677,10,186,,1,,,,,,,,
678,10,191,,1,,,,,,,,
679,14,30,,,,,,,,,,
680,14,34,,,,,,,,,,
656,27,199,,1,,,,,,,,
689,14,3,,,,,,,,,,
690,14,55,1,1,1,1,1,1,,,,
691,14,56,1,1,1,1,1,1,,,,
681,14,120,1,1,1,1,1,1,,,,
692,14,26,,,,,,,,,,
693,14,28,,1,,,,,,,,
694,14,1,,1,,,,,,,,
695,14,60,,,,,,,,,,
696,14,50,,,,,,,,,,
697,14,129,1,1,1,,,,,,,
698,10,100,,1,,,,,,,,
699,19,7,,,,,,,,,,
700,19,8,,1,,,,,,,,
1642,28,246,,,,,,,10003285,2015/12/21 15:16:52.000000000,,
606,4,171,1,1,1,1,,,,,,
1162,19,219,,1,,,,,,,,
1160,19,217,,1,,,,,,,,
1159,19,216,,1,,,,,,,,
646,1,170,1,1,1,1,1,1,,,,
643,1,174,1,1,1,1,1,1,,,,
644,1,173,1,1,1,1,1,1,,,,
640,1,194,1,1,1,1,1,1,,,,
645,1,172,1,1,1,1,1,1,,,,
558,1,106,1,1,1,1,1,1,,,,
647,1,171,1,1,1,1,1,1,,,,
77,4,55,1,1,1,0,1,1,,,10003409,2014/11/20 17:24:48.000000000
1644,4,293,1,1,1,1,1,1,10003409,2015/12/29 07:04:29.000000000,10003409,2015/12/29 07:04:35.000000000
580,10,196,1,1,1,1,1,1,,,10003409,2015/11/11 12:14:17.000000000
585,10,201,0,1,0,0,0,0,,,,
523,10,52,1,1,1,1,1,1,,,10101000,2015/02/02 09:40:02.000000000
1645,10,294,1,1,1,1,1,1,10101000,2015/12/29 10:21:19.000000000,10101000,2015/12/29 10:22:10.000000000
701,19,50,,,,,,,,,,
702,19,3,,,,,,,,,,
703,19,56,,1,,,,,,,,
704,19,17,,,,,,,,,,
1790,3,222,1,1,1,1,1,1,50002084,2017/09/06 15:33:03.000000000,10003409,2017/09/07 17:39:03.000000000
708,19,1,1,1,1,1,1,1,,,,
710,19,30,,,,,,,,,,
711,19,34,,1,,,,,,,,
712,19,35,,1,,,,,,,,
713,19,120,,1,,,,,,,,
714,19,166,,1,,,,,,,,
715,19,31,,1,,,,,,,,
716,19,33,,1,,,,,,,,
717,19,169,,1,,,,,,,,
980,10,150,1,1,1,1,1,1,,,,
981,10,290,1,1,1,1,1,1,,,,
982,10,298,,1,,,,,,,,
983,10,299,,1,,,,,,,,
886,4,212,1,1,1,1,1,1,yaddi-admin,2012/11/14 03:26:06.217000000,,
984,4,211,1,1,1,1,1,1,,,,
985,4,215,1,1,1,1,1,1,,,,
986,4,217,1,1,1,1,1,1,,,,
987,10,302,1,1,1,1,1,1,,,,
988,10,303,1,1,1,1,1,1,,,,
989,10,304,1,1,1,1,1,1,,,,
990,10,305,1,1,1,1,1,1,,,,
991,10,307,1,1,1,1,1,1,,,,
992,4,218,1,1,1,1,1,1,,,,
993,4,219,1,1,1,1,1,1,yaddis-admin,2013/08/20 14:13:40.000000000,,
994,4,220,1,1,1,1,1,1,yaddis-admin,,,
995,4,216,1,1,1,1,1,1,,,,
996,4,221,1,1,1,1,1,1,yaddis-admin,,,
997,4,222,1,1,1,1,1,1,yaddis-admin,,,
998,4,223,1,1,1,1,1,1,yaddis-admin,,,
1546,18,248,,1,,,,,10003409,2015/04/21 15:12:09.000000000,10003409,2015/04/21 15:12:14.000000000
1164,19,215,,1,,,,,,,,
1165,19,211,,1,,,,,,,,
1163,19,220,,1,,,,,,,,
1161,19,218,,1,,,,,,,,
1158,19,212,,1,,,,,,,,
1175,1,210,1,1,1,1,1,1,,,,
5,4,14,,,,,,,,,,
1167,19,222,,1,,,,,,,,
1166,19,221,,1,,,,,,,,
1168,19,223,,1,,,,,,,,
1172,2,201,1,1,1,1,1,1,,,,
641,1,195,1,1,1,1,1,1,,,,
1547,18,249,,1,,,,,10003409,2015/04/21 15:12:11.000000000,10003409,2015/04/21 15:12:16.000000000
1200,1,176,1,1,1,1,1,1,,,,
1174,1,192,1,1,1,1,1,1,,,,
31,4,170,1,1,1,1,1,1,,,admin,2014/09/01 02:15:28.000000000
1198,1,224,1,1,1,1,1,1,,,,
1191,1,197,1,1,1,1,1,1,,,,
1176,1,225,1,1,1,1,1,1,,,,
1215,4,228,,1,,,,,,,10003409,2014/04/24 09:31:01.000000000
1177,1,3,1,1,1,1,1,1,,,,
21,1,55,1,1,1,1,1,1,,,,
26,1,60,1,1,1,1,1,1,,,,
1192,1,198,1,1,1,1,1,1,,,,
1178,1,17,1,1,1,1,1,1,,,,
50,1,41,1,1,1,1,1,1,,,,
1181,1,178,1,1,1,1,1,1,,,,
1182,1,179,,,,,,,,,,
1567,51,241,1,1,1,1,1,1,88001970,2015/07/02 11:43:27.000000000,88001970,2015/07/02 11:43:35.000000000
877,1,209,1,1,1,1,1,1,,,,
1193,1,199,1,1,1,1,1,1,,,,
1204,1,205,1,1,1,1,1,1,,,,
1219,3,228,,1,,,,,,,,
1199,1,175,1,1,1,1,1,1,,,,
999,10,224,1,1,1,1,1,1,,,,
1202,1,299,1,1,1,1,1,1,,,,
1206,1,200,1,1,1,1,1,1,,,,
1789,3,221,0,0,0,0,0,0,50002084,2017/09/06 15:32:56.000000000,50002084,2017/09/07 18:09:50.000000000
1203,1,208,1,1,1,1,1,1,,,,
1217,2,228,,1,,,,,,,,
1229,4,196,1,1,1,1,1,1,,,88001970,2014/03/07 14:02:57.000000000
1232,15,229,,1,,,,,,,,
1570,10,286,1,1,1,,,,10101000,2015/08/03 22:03:28.000000000,10101000,2015/08/03 22:03:35.000000000
1237,15,223,,1,,,,,,,,
1235,15,221,,1,,,,,,,,
1236,15,222,,1,,,,,,,,
1245,27,229,,1,,,,,,,,
1572,10,288,1,1,1,,,,10101000,2015/08/03 22:03:31.000000000,10101000,2015/08/03 22:03:37.000000000
1584,16,245,,,,,,,88001970,2015/08/21 16:36:33.000000000,,
2046,30,245,,,,,,,10003409,2019/06/27 09:27:23.000000000,,
1250,4,231,1,1,1,1,,,10003409,2013/11/08 14:46:20.000000000,10003409,2013/11/08 14:46:27.000000000
2048,85,50,,,,,,,50002151,2019/06/28 15:36:31.000000000,,
1265,1,231,1,,1,,,,admin,2013/12/05 13:50:37.000000000,admin,2013/12/05 13:50:57.000000000
1270,40,228,,1,,,,,10003409,2014/01/30 10:26:22.000000000,10003409,2014/01/30 10:26:38.000000000
1271,40,229,,1,,,,,10003409,2014/01/30 10:26:23.000000000,10003409,2014/01/30 10:26:39.000000000
2168,5,23,,,,,,,88003651,2020/01/02 16:57:39.000000000,,
1179,1,213,1,1,1,0,1,1,,,88003158,2014/04/22 16:26:22.000000000
1041,38,56,,1,,,,,,,,
1042,38,17,,1,,,,,,,,
1055,38,220,,1,,,,,,,,
1070,38,94,,1,,,,,,,,
1071,38,209,,1,,,,,,,,
1043,38,53,,1,,,,,,,,
1066,38,196,,1,,,,,,,,
1056,38,211,,1,,,,,,,,
1057,38,215,,1,,,,,,,,
1046,38,30,,,,,,,,,,
1067,38,38,,1,,,,,,,,
1037,38,210,,,,,,,,,,
1047,38,34,,1,,,,,,,,
1038,38,225,,1,,,,,,,,
1039,38,50,,,,,,,,,,
1040,38,3,,1,,,,,,,,
1048,38,35,,1,,,,,,,,
1049,38,120,,1,,,,,,,,
1059,38,31,,1,,,,,,,,
1050,38,212,,1,,,,,,,,
1051,38,216,,1,,,,,,,,
1068,38,40,,1,,,,,,,,
1052,38,217,,1,,,,,,,,
1060,38,33,,1,,,,,,,,
1053,38,218,,1,,,,,,,,
1054,38,219,,1,,,,,,,,
1069,38,41,,1,,,,,,,,
1063,38,97,,1,,,,,,,,
1064,38,106,,1,,,,,,,,
1065,38,194,,1,,,,,,,,
1076,38,102,,1,,,,,,,,
1185,1,217,1,1,1,1,1,1,,,,
1077,38,221,,1,,,,,,,,
1207,35,21,,,,,,,,,,
1078,38,222,,1,,,,,,,,
1079,38,223,,1,,,,,,,,
1080,38,21,,,,,,,,,,
1208,35,128,,1,,,,,,,,
1081,38,59,,1,,,,,,,,
1194,1,221,1,1,1,1,1,1,,,,
1082,38,127,,1,,,,,,,,
1083,38,128,,1,,,,,,,,
1084,38,26,,,,,,,,,,
45,1,97,1,1,1,1,1,1,,,,
1085,38,27,,1,,,,,,,,
1186,1,218,1,1,1,1,1,1,,,,
1086,38,99,,1,,,,,,,,
1142,10,211,0,1,0,0,,,,,,
1087,38,28,,1,,,,,,,,
1169,19,210,,,,,,,,,,
1170,19,225,,1,,,,,,,,
1571,10,287,1,1,1,,,,10101000,2015/08/03 22:03:29.000000000,10101000,2015/08/03 22:03:35.000000000
1091,38,14,,,,,,,,,,
1092,38,171,,1,,,,,,,,
1093,38,163,,,,,,,,,,
1094,38,164,,,,,,,,,,
1585,16,246,,1,,,,,88001970,2015/08/21 16:36:35.000000000,88001970,2015/08/21 16:36:38.000000000
1797,77,50,,,,,,,10003409,2017/11/10 13:44:32.000000000,,
1209,35,227,,,,,,,,,,
1096,38,204,,1,,,,,,,,
1133,10,18,1,1,1,1,1,1,,,,
1187,1,219,1,1,1,1,1,1,,,,
1173,1,191,1,1,1,1,1,1,,,,
1101,10,71,1,1,,,,,,2013/09/01 04:50:31.636466000,,
1102,10,72,1,1,,,,,,2013/09/01 04:50:31.636466000,,
1103,10,73,1,1,,,,,,2013/09/01 04:50:31.636466000,,
1104,10,75,1,1,,,,,,2013/09/01 04:50:31.636466000,,
1105,10,76,1,1,,,,,,2013/09/01 04:50:31.636466000,,
1107,10,79,1,1,,,,,,2013/09/01 04:50:31.636466000,,
1108,10,80,1,1,,,,,,2013/09/01 04:50:31.636466000,,
1109,10,81,1,1,,,,,,2013/09/01 04:50:31.636466000,,
1110,10,83,1,1,,,,,,2013/09/01 04:50:31.636466000,,
1111,10,84,1,1,,,,,,2013/09/01 04:50:31.636466000,,
1112,10,85,1,1,,,,,,2013/09/01 04:50:31.636466000,,
1113,10,86,1,1,,,,,,2013/09/01 04:50:31.636466000,,
1114,10,87,1,1,,,,,,2013/09/01 04:50:31.636466000,,
1115,10,88,1,1,,,,,,2013/09/01 04:50:31.636466000,,
1116,10,89,1,1,,,,,,2013/09/01 04:50:31.636466000,,
1117,10,90,1,1,,,,,,2013/09/01 04:50:31.636466000,,
1118,10,109,1,1,,,,,,2013/09/01 04:50:31.636466000,,
1119,10,112,1,1,,,,,,2013/09/01 04:50:31.636466000,,
1120,10,113,1,1,,,,,,2013/09/01 04:50:31.636466000,,
1121,10,114,1,1,,,,,,2013/09/01 04:50:31.636466000,,
1122,10,115,1,1,,,,,,2013/09/01 04:50:31.636466000,,
1123,10,116,1,1,,,,,,2013/09/01 04:50:31.636466000,,
1124,10,117,1,1,,,,,,2013/09/01 04:50:31.636466000,,
1125,10,118,1,1,,,,,,2013/09/01 04:50:31.636466000,,
1126,10,119,1,1,,,,,,2013/09/01 04:50:31.636466000,,
1127,10,123,1,1,,,,,,2013/09/01 04:50:31.636466000,,
1128,10,124,1,1,,,,,,2013/09/01 04:50:31.636466000,,
1129,10,297,1,1,,,,,,2013/09/01 04:50:31.636466000,,
46,1,98,1,1,1,1,1,1,,,,
1131,10,226,1,1,,,,,,2013/09/01 04:50:31.636466000,,
1132,10,93,1,1,1,1,1,1,yaddis,,,
1134,10,202,1,1,1,1,1,1,yaddis,,,
1135,10,92,,,,,,,,,,
1211,10,228,1,1,,,,,,,,
1195,1,222,1,1,1,1,1,1,,,,
1106,10,77,1,1,1,1,1,,,2013/09/01 04:50:31.636466000,,
1136,10,212,,1,,,,,,,,
1137,10,216,,1,,,,,,,,
1138,10,217,,1,,,,,,,,
1139,10,218,,1,,,,,,,,
1140,10,219,,1,,,,,,,,
1141,10,220,,1,,,,,,,,
48,1,39,1,1,1,1,1,1,,,,
1188,1,220,1,1,1,1,1,1,,,,
1189,1,211,,,,,,,,,,
49,1,40,1,1,1,1,1,1,,,,
1145,32,212,1,1,1,1,1,,,,,
1146,27,216,,1,,,,,,,,
1147,27,217,,1,,,,,,,,
1148,27,218,,1,,,,,,,,
1149,27,219,,1,,,,,,,,
1150,27,220,,1,,,,,,,,
1151,27,211,,1,,,,,,,,
1152,27,215,,1,,,,,,,,
1183,1,1,1,1,1,1,1,1,,,,
1184,1,216,,,,,,,,,,
1190,1,215,1,1,1,1,1,1,,,,
10,1,31,1,1,1,1,1,1,,,,
2170,3,210,,,,,,,10003409,2020/01/28 17:05:34.000000000,,
1216,27,228,,1,,,,,,,,
1196,1,223,1,1,1,1,1,1,,,,
11,1,32,1,1,1,1,1,1,,,,
1197,1,150,,,,,,,,,,
1218,15,228,,1,,,,,,,,
12,1,33,1,1,1,1,1,1,,,,
556,1,169,1,1,1,1,1,1,,,,
1220,38,228,,1,,,,,,,,
1201,1,298,1,1,1,1,1,1,,,,
587,1,201,1,1,1,1,1,1,,,,
1221,10,229,1,1,,,,,,,,
1222,17,221,,1,,,,,,,,
1223,17,222,,1,,,,,,,,
1224,17,223,,1,,,,,,,,
1205,1,104,1,1,1,1,1,1,,,,
1239,19,164,,,,,,,,,,
1143,10,215,0,1,0,0,,,,,,
1225,10,209,,1,,,,,,,,
1230,10,230,,,,,,,,,,
1628,1,233,,1,,,,,admin,2015/11/13 09:10:11.000000000,admin,2015/11/13 09:10:12.000000000
1238,19,229,,1,,,,,,,,
1240,2,229,,1,,,,,,,,
1241,3,229,,1,,,,,,,,
1629,47,23,,,,,,,10003409,2015/11/19 13:27:44.000000000,,
1246,10,225,,1,,,,,,,,
1244,17,164,,,,,,,,,,
1251,23,164,,,,,,,10003409,2013/11/26 10:44:51.000000000,,
1252,23,204,,1,,,,,10003409,2013/11/26 10:44:56.000000000,10003409,2013/11/26 10:44:58.000000000
1254,17,26,,,,,,,10003409,2013/11/26 10:49:42.000000000,,
1255,17,27,,,,,,,10003409,2013/11/26 10:49:42.000000000,,
1256,17,99,,,,,,,10003409,2013/11/26 10:49:43.000000000,,
1257,17,28,,,,,,,10003409,2013/11/26 10:49:44.000000000,,
1259,5,106,0,1,0,,,,10003897,2013/11/28 11:18:02.000000000,10003897,2013/11/28 11:19:25.000000000
1263,2,216,,1,,,,,10003409,2013/12/05 11:29:09.000000000,10003409,2013/12/05 11:29:15.000000000
1264,10,231,1,,,,,,admin,2013/12/05 13:49:14.000000000,admin,2013/12/05 13:49:16.000000000
1267,17,218,,1,,,,,10003409,2013/12/30 11:07:09.000000000,10003409,2013/12/30 11:07:10.000000000
1268,30,164,,,,,,,10003409,2014/01/29 16:08:16.000000000,,
1269,40,164,,,,,,,10003409,2014/01/30 10:26:19.000000000,,
1242,4,229,,1,,,,,,,10003409,2014/04/24 09:30:59.000000000
1348,4,34,1,1,1,,,,10003409,2014/04/25 11:34:24.000000000,10003409,2015/03/24 14:27:11.000000000
1700,10,384,1,1,1,1,1,1,10101000,2016/11/07 23:22:01.000000000,10101000,2016/11/07 23:22:03.000000000
1390,4,25,,1,,,,,10003409,2014/06/05 10:36:05.000000000,10003409,2015/07/23 10:27:53.000000000
1306,42,214,1,1,1,1,1,1,10003409,2014/04/14 15:39:57.000000000,10003409,2014/04/14 15:40:12.000000000
1298,10,361,1,1,1,1,1,1,10003409,2014/04/07 21:36:21.000000000,10003409,2014/04/07 21:36:25.000000000
1672,10,375,1,1,1,1,1,1,88003293,2016/03/31 06:28:16.000000000,88003293,2016/03/31 06:28:19.000000000
1676,4,376,1,1,1,1,1,1,10101000,2016/05/09 06:32:02.000000000,10101000,2016/05/09 06:32:06.000000000
1308,32,30,,,,,,,10003409,2014/04/15 16:40:36.000000000,,
1309,32,34,,,,,,,10003409,2014/04/15 16:40:38.000000000,,
1794,28,128,,1,,,,,10003409,2017/09/20 09:24:16.000000000,10003409,2017/09/20 09:24:20.000000000
1299,10,362,1,1,1,1,1,1,10003409,2014/04/07 21:36:27.000000000,10003409,2014/04/07 21:36:30.000000000
1280,10,309,1,1,1,1,1,,10003409,2014/02/03 17:00:05.000000000,10003409,2014/02/03 17:08:55.000000000
1573,10,289,1,1,1,,,,10101000,2015/08/03 22:05:27.000000000,10101000,2015/08/03 22:05:29.000000000
1586,10,130,,1,,,,,88001549,2015/08/25 12:00:23.000000000,88001549,2015/08/25 12:00:26.000000000
1297,10,360,1,1,1,1,1,1,10003409,2014/04/07 21:36:17.000000000,10003409,2014/04/07 21:36:33.000000000
1281,10,340,1,1,1,1,1,,10003409,2014/02/03 17:00:06.000000000,10003409,2014/02/03 17:08:57.000000000
1587,10,131,,1,,,,,88001549,2015/08/25 12:00:24.000000000,88001549,2015/08/25 12:00:26.000000000
1798,77,3,,1,,,,,10003409,2017/11/10 13:44:34.000000000,10003409,2017/11/10 13:45:01.000000000
1588,10,127,,1,,,,,88001382,2015/08/27 22:37:56.000000000,88001382,2015/08/27 22:37:57.000000000
1726,70,171,1,1,1,1,1,1,VACANTCCGEM,2017/02/01 16:40:48.000000000,VACANTCCGEM,2017/02/01 16:40:59.000000000
1310,32,31,,1,,,,,10003409,2014/04/15 16:40:44.000000000,10003409,2014/04/15 16:40:59.000000000
1884,3,128,,1,,,,,burhan,2018/07/27 10:12:30.000000000,burhan,2018/07/27 10:12:33.000000000
1311,32,32,,1,,,,,10003409,2014/04/15 16:40:45.000000000,10003409,2014/04/15 16:41:01.000000000
1300,10,363,1,1,1,1,1,1,10003409,2014/04/07 21:36:43.000000000,10003409,2014/04/07 21:36:46.000000000
2140,85,25,,1,,,,,10003409,2019/09/19 16:35:47.000000000,10003409,2019/09/19 16:35:49.000000000
1285,19,23,,,,,,,10003409,2014/02/14 09:23:53.000000000,,
1286,19,25,,1,,,,,10003409,2014/02/14 09:23:55.000000000,10003409,2014/02/14 09:23:56.000000000
1592,54,23,,,,,,,88003264,2015/09/04 15:05:55.000000000,,
1596,17,23,,,,,,,10003409,2015/09/07 10:28:25.000000000,,
1597,17,25,,1,,,1,1,10003409,2015/09/07 10:28:26.000000000,10003409,2015/09/07 10:28:32.000000000
2158,5,386,1,,,,,,88003651,2020/01/02 16:45:40.000000000,88003651,2020/01/02 16:45:56.000000000
92,4,32,1,1,0,0,,,,,10003409,2020/02/06 15:31:09.000000000
1291,35,164,,,,,,,10003752,2014/03/24 14:50:34.000000000,,
1292,35,230,,1,,,,,10003752,2014/03/24 14:50:45.000000000,10003752,2014/03/24 14:50:48.000000000
1327,10,164,,,,,,,admin,2014/04/15 16:52:51.000000000,,
1312,32,33,,1,,,,,10003409,2014/04/15 16:40:46.000000000,10003409,2014/04/15 16:41:02.000000000
1294,10,357,1,1,1,1,1,1,10003409,2014/04/07 21:28:31.000000000,10003409,2014/04/07 21:28:34.000000000
1313,32,169,,1,,,,,10003409,2014/04/15 16:40:48.000000000,10003409,2014/04/15 16:41:04.000000000
1328,10,356,,,0,,,,admin,2014/04/15 16:53:00.000000000,admin,2014/04/15 16:53:23.000000000
1301,10,364,1,1,1,1,1,1,10003409,2014/04/07 21:36:48.000000000,10003409,2014/04/07 21:36:52.000000000
1350,4,225,1,1,1,1,,,10003409,2014/04/28 10:48:01.000000000,10003409,2014/04/28 10:48:12.000000000
1295,10,358,1,1,1,1,1,1,10003409,2014/04/07 21:28:36.000000000,10003409,2014/04/07 21:28:39.000000000
1338,5,102,,1,,,,,10003409,2014/04/24 09:23:10.000000000,10003409,2014/04/24 09:23:13.000000000
1302,10,365,1,1,1,1,1,1,10003409,2014/04/07 21:36:49.000000000,10003409,2014/04/07 21:36:56.000000000
1296,10,359,1,1,1,1,1,1,10003409,2014/04/07 21:28:40.000000000,10003409,2014/04/07 21:28:43.000000000
1303,42,50,,,,,,,10003409,2014/04/14 15:39:53.000000000,,
1304,42,17,,1,,,,,10003409,2014/04/14 15:39:54.000000000,10003409,2014/04/14 15:40:01.000000000
1317,32,38,,1,,,,,10003409,2014/04/15 16:41:13.000000000,10003409,2014/04/15 16:41:23.000000000
1809,77,286,,1,,,,,10003409,2017/11/10 13:46:53.000000000,10003409,2017/11/10 13:47:08.000000000
1305,42,213,1,1,1,1,1,1,10003409,2014/04/14 15:39:56.000000000,10003409,2014/04/14 15:40:08.000000000
1318,32,39,,1,,,,,10003409,2014/04/15 16:41:15.000000000,10003409,2014/04/15 16:41:24.000000000
1815,77,30,,,,,,,10003409,2017/11/10 13:47:57.000000000,,
1319,32,40,,1,,,,,10003409,2014/04/15 16:41:16.000000000,10003409,2014/04/15 16:41:25.000000000
1320,32,41,,1,,,,,10003409,2014/04/15 16:41:17.000000000,10003409,2014/04/15 16:41:27.000000000
1822,77,97,,,,,,,10003409,2017/11/10 13:48:55.000000000,,
1321,32,44,,1,,,,,10003409,2014/04/15 16:41:18.000000000,10003409,2014/04/15 16:41:28.000000000
1343,5,204,,,,,,,10003409,2014/04/24 09:24:56.000000000,,
1322,32,94,,1,,,,,10003409,2014/04/15 16:41:20.000000000,10003409,2014/04/15 16:41:29.000000000
1344,4,204,,,,,,,10003409,2014/04/24 09:30:48.000000000,,
1365,30,228,,1,,,,,10003409,2014/05/16 10:23:55.000000000,10003409,2014/05/16 10:23:57.000000000
1331,32,106,,,,,,,10003409,2014/04/15 17:15:38.000000000,,
1355,44,30,,,,,,,10003409,2014/05/05 14:27:53.000000000,,
1332,32,98,1,,,,1,,admin,2014/04/15 17:15:50.000000000,admin,2014/04/15 17:16:34.000000000
1329,32,97,1,,,,,,10003409,2014/04/15 17:15:35.000000000,admin,2014/04/15 17:17:33.000000000
1356,44,102,,1,,,,,10003409,2014/05/05 14:28:17.000000000,10003409,2014/05/05 14:28:18.000000000
1349,4,210,,,,,,,10003409,2014/04/28 10:47:59.000000000,,
1357,44,221,,1,,,,,10003409,2014/05/05 14:28:20.000000000,10003409,2014/05/05 14:28:23.000000000
1358,44,163,,,,,,,10003409,2014/05/05 14:28:35.000000000,,
1359,44,164,,,,,,,10003409,2014/05/05 14:28:36.000000000,,
1366,30,229,,1,,,,,10003409,2014/05/16 10:23:56.000000000,10003409,2014/05/16 10:23:57.000000000
1360,44,228,,1,,,,,10003409,2014/05/05 14:28:38.000000000,10003409,2014/05/05 14:28:41.000000000
1361,44,229,,1,,,,,10003409,2014/05/05 14:28:39.000000000,10003409,2014/05/05 14:28:44.000000000
1363,30,298,,1,,,,,10003409,2014/05/16 10:23:33.000000000,10003409,2014/05/16 10:23:34.000000000
1367,27,221,,1,,,,,10001220,2014/05/16 11:06:18.000000000,10001220,2014/05/16 11:06:19.000000000
1369,1,164,,,,,,,admin,2014/05/16 11:11:09.000000000,,
1370,1,230,,,,,,,admin,2014/05/16 11:11:12.000000000,,
1371,1,228,,,,,,,admin,2014/05/16 11:11:12.000000000,,
1372,1,229,,,,,,,admin,2014/05/16 11:11:13.000000000,,
1373,1,203,,,,,,,admin,2014/05/16 11:11:14.000000000,,
1374,1,356,,,,,,,admin,2014/05/16 11:11:14.000000000,,
1375,1,204,,,,,,,admin,2014/05/16 11:11:16.000000000,,
1376,1,126,,,,,,,admin,2014/05/16 11:11:17.000000000,,
1377,1,227,,,,,,,admin,2014/05/16 11:11:18.000000000,,
1380,17,30,,,,,,,10003409,2014/05/23 19:23:26.000000000,,
1378,1,196,1,1,1,1,1,1,10003339,2014/05/20 10:32:49.000000000,10003339,2014/05/20 10:32:56.000000000
1381,27,222,,1,,,,,10003409,2014/05/23 19:29:44.000000000,10003409,2014/05/23 19:29:45.000000000
1382,27,223,,1,,,,,10003409,2014/05/23 19:29:44.000000000,10003409,2014/05/23 19:29:45.000000000
1389,4,23,,,,,,,10003409,2014/06/05 10:36:04.000000000,,
1391,10,233,1,1,,1,,,admin,2014/06/28 10:31:40.878019000,,
1307,10,366,1,1,1,1,1,1,10003409,2014/04/15 14:54:31.000000000,10003409,2014/06/19 15:55:33.000000000
1394,2,23,,,,,,,10101000,2014/07/01 08:49:32.000000000,,
1395,2,25,,1,,,,,10101000,2014/07/01 08:49:33.000000000,10101000,2014/07/01 08:49:34.000000000
1396,27,23,,,,,,,10003409,2014/07/08 09:56:32.000000000,,
1397,27,25,,1,,,1,1,10003409,2014/07/08 09:56:33.000000000,10003409,2015/09/07 10:19:05.000000000
1398,15,23,,,,,,,10003409,2014/07/08 09:57:20.000000000,,
1673,62,245,,,,,,,10003409,2016/04/01 09:34:00.000000000,,
1454,5,246,,1,,,,,admin,2014/11/18 06:17:21.000000000,10003409,2015/10/14 23:19:36.000000000
1400,46,23,,,,,,,10003409,2014/08/07 15:16:36.000000000,,
1402,45,235,1,1,,,1,,admin,2014/08/31 22:24:04.545780000,,
1403,1,236,,,,,,,88001477,2014/08/31 22:48:41.000000000,,
1404,1,240,,,,,,,88001477,2014/08/31 22:48:44.000000000,,
1405,1,241,,,,,,,88001477,2014/08/31 22:48:45.000000000,,
1406,10,239,0,1,,0,0,,admin,2014/08/31 22:57:39.124509000,,
1408,1,239,1,1,,0,0,,admin,2014/08/31 22:57:39.124509000,,
1409,10,237,0,1,,0,0,,admin,2014/08/31 23:08:39.927707000,,
1410,1,237,0,1,,0,0,,admin,2014/08/31 23:08:39.927707000,,
1412,45,237,,,,,1,,admin,2014/08/31 23:08:39.927707000,,
1858,79,173,1,1,1,,,,10003017,2018/01/09 11:58:06.000000000,10003017,2018/01/09 11:58:18.000000000
1415,10,240,,,,,,,admin,2014/08/31 23:18:24.000000000,,
1416,4,236,,1,,,,,admin,2014/08/31 23:18:55.000000000,admin,2014/08/31 23:19:02.000000000
1440,47,17,,1,,,,,10001259,2014/09/16 17:40:53.000000000,10001259,2014/09/16 17:41:20.000000000
1443,28,21,,,,,,,10003409,2014/09/30 13:56:41.000000000,,
1417,4,240,1,1,1,1,,,admin,2014/08/31 23:18:58.000000000,admin,2014/08/31 23:19:05.000000000
1407,4,239,1,1,1,1,1,,admin,2014/08/31 22:57:39.124509000,,
1468,15,245,,,,,,,10003409,2014/11/18 09:49:32.000000000,,
1411,4,237,1,1,,1,1,,admin,2014/08/31 23:08:39.927707000,,
1418,1,202,1,1,1,1,1,1,admin,,,
1419,45,30,,,,,,,10003409,2014/09/01 01:31:42.000000000,,
1420,45,164,,,,,,,10003409,2014/09/01 01:32:05.000000000,,
1431,77,171,1,1,1,1,1,1,admin,2014/09/01 04:37:50.000000000,10003409,2017/11/10 13:53:06.000000000
1470,44,245,,,,,,,88001382,2014/11/20 10:59:19.000000000,,
1422,45,236,,1,,,,,10003409,2014/09/01 01:32:27.000000000,10003409,2014/09/01 01:32:29.000000000
1471,44,246,,1,,,,,88001382,2014/11/20 10:59:32.000000000,88001382,2014/11/20 10:59:33.000000000
1428,45,171,1,1,1,1,1,1,10003409,2014/09/01 02:46:39.000000000,10003409,2014/09/01 13:38:39.000000000
1630,47,25,,1,,,1,1,10003409,2015/11/19 13:27:46.000000000,10003409,2015/11/19 13:27:53.000000000
1423,45,241,1,1,1,1,1,1,10003409,2014/09/01 01:32:34.000000000,10003409,2014/09/01 01:32:46.000000000
1425,4,241,,1,,,,,admin,2014/09/01 02:44:16.000000000,admin,2014/09/01 02:44:18.000000000
1426,45,14,,,,,,,10003409,2014/09/01 02:46:36.000000000,,
1444,28,233,1,1,1,1,1,1,10003409,2014/09/30 13:56:48.000000000,10003409,2014/09/30 13:56:59.000000000
1445,40,30,,,,,,,10003409,2014/10/09 16:24:51.000000000,,
1401,46,25,,1,,,1,1,10003409,2014/08/07 15:16:37.000000000,10101000,2015/10/19 10:48:24.000000000
1436,19,236,,1,,,,,10003409,2014/09/04 09:57:30.000000000,10003409,2014/09/04 09:57:33.000000000
1437,19,241,,1,,,,,10003409,2014/09/04 09:57:41.000000000,10003409,2014/09/04 09:57:43.000000000
1438,19,240,,1,,,,,10003409,2014/09/04 09:57:42.000000000,10003409,2014/09/04 09:57:44.000000000
1963,47,245,,,,,,,88003651,2018/12/20 09:20:38.000000000,,
1430,77,14,,,,,,,admin,2014/09/01 04:37:21.000000000,,
1432,45,238,1,1,1,1,1,1,admin,2014/09/01 04:38:29.000000000,,
1433,10,242,1,1,1,1,1,1,admin,,,
1424,4,242,1,1,1,1,1,1,admin,,,
1446,40,236,,1,,,,,10003409,2014/10/09 16:24:59.000000000,10003409,2014/10/09 16:25:02.000000000
1447,40,102,,1,,,,,10003409,2014/10/09 16:25:00.000000000,10003409,2014/10/09 16:25:03.000000000
2147,65,128,,1,,,,,88003651,2019/12/18 14:48:03.000000000,88003651,2019/12/18 14:48:05.000000000
1449,1,245,1,1,1,1,1,1,admin,2014/11/17 06:49:45.358102000,,
1450,1,246,1,1,1,1,1,1,admin,2014/11/18 06:09:22.673659000,,
1451,4,245,,,,,,,admin,2014/11/18 06:15:56.000000000,,
1453,5,245,,,,,,,admin,2014/11/18 06:17:16.000000000,,
1455,10,245,,,,,,,admin,2014/11/18 06:18:47.000000000,,
1427,45,170,1,1,1,1,1,1,10003409,2014/09/01 02:46:37.000000000,10003409,2014/09/01 13:38:28.000000000
1456,10,246,,,,,,,admin,2014/11/18 06:18:50.000000000,,
1457,10,247,,,,,,,admin,2014/11/18 06:18:53.000000000,,
1458,2,245,,,,,,,88003219,2014/11/18 07:19:10.000000000,,
1439,47,50,,,,,,,10001259,2014/09/16 17:40:49.000000000,,
1473,27,236,,,,,,,10003409,2014/11/21 10:06:04.000000000,,
1474,15,236,,1,,,,,10003409,2014/11/21 10:07:46.000000000,10003409,2014/11/21 10:07:48.000000000
1441,47,213,1,1,1,1,,,10001259,2014/09/16 17:41:05.000000000,10001259,2014/09/16 17:41:13.000000000
1472,38,236,,1,,,,,10003409,2014/11/21 10:05:34.000000000,10003409,2014/11/21 10:08:29.000000000
1475,38,246,,1,,,,,10003409,2014/11/21 10:45:57.000000000,10003409,2014/11/21 10:45:59.000000000
1442,47,214,1,1,1,1,,,10001259,2014/09/16 17:41:07.000000000,10001259,2014/09/16 17:41:15.000000000
1460,27,245,,,,,,,88003219,2014/11/18 07:20:43.000000000,,
1461,27,246,,1,,,,,88003219,2014/11/18 07:20:50.000000000,88003219,2014/11/18 07:21:44.000000000
1463,1,77,,,,,,,admin,2014/11/18 07:53:47.000000000,,
1462,1,79,,,1,,,,admin,2014/11/18 07:53:44.000000000,admin,2014/11/18 07:53:49.000000000
1464,40,245,,,,,,,10003409,2014/11/18 08:27:41.000000000,,
1466,38,245,,,,,,,10003409,2014/11/18 09:04:11.000000000,,
1467,19,245,,,,,,,10003409,2014/11/18 09:05:25.000000000,,
1479,3,246,,1,,,,,10003409,2014/12/04 10:59:30.000000000,10003409,2014/12/04 10:59:31.000000000
1459,2,246,,1,,,,,88003219,2014/11/18 07:19:15.000000000,10003409,2014/12/04 11:00:14.000000000
1465,40,246,,1,,,,,10003409,2014/11/18 08:27:44.000000000,10003409,2018/02/06 14:38:32.000000000
1497,10,252,1,1,1,,,,admin,2015/02/02 10:18:50.729488000,,
1476,45,245,,,,,,,10003409,2014/11/27 09:16:06.000000000,,
1477,45,246,,1,,,,,10003409,2014/11/27 09:16:07.000000000,10003409,2014/11/27 09:16:08.000000000
1478,3,245,,,,,,,10003409,2014/12/04 10:59:28.000000000,,
1492,10,251,1,1,,,,,admin,2015/02/02 08:25:46.775085000,,
1482,19,246,,1,,,,,88003037,2014/12/08 11:33:44.000000000,88003037,2014/12/08 11:33:45.000000000
1469,15,246,,1,,,,,10003409,2014/11/18 09:50:35.000000000,10003363,2014/12/11 11:44:50.000000000
1483,10,250,1,1,,,,,admin,2015/02/02 08:23:15.995720000,,
1484,10,249,1,1,,,,,admin,2015/02/02 08:23:15.995720000,,
1485,10,248,1,1,,,,,admin,2015/02/02 08:23:15.995720000,,
1486,4,250,1,1,,,,,admin,2015/02/02 08:23:15.995720000,,
1488,4,248,1,1,,,,,admin,2015/02/02 08:23:15.995720000,,
1489,1,250,1,1,,,,,admin,2015/02/02 08:23:15.995720000,,
1490,1,249,1,1,,,,,admin,2015/02/02 08:23:15.995720000,,
1491,1,248,1,1,,,,,admin,2015/02/02 08:23:15.995720000,,
1493,1,251,1,1,,,,,admin,2015/02/02 08:25:46.775085000,,
1498,1,252,1,1,1,,,,admin,2015/02/02 10:18:59.577758000,,
151,10,53,1,1,1,1,1,1,,,10101000,2015/02/02 09:40:04.000000000
1487,4,249,0,1,,,,,admin,2015/02/02 08:23:15.995720000,10003409,2015/02/02 11:02:35.000000000
1499,1,247,,,,,,,admin,2015/02/04 11:55:10.000000000,,
1532,48,245,,,,,,,VacantJB03,2015/02/16 16:42:39.000000000,,
1533,48,246,,1,,,,,VacantJB03,2015/02/16 16:42:41.000000000,VacantJB03,2015/02/16 16:42:43.000000000
1435,1,234,1,,1,,1,,admin,2014/09/02 17:24:51.000000000,admin,2014/09/02 17:26:46.000000000
1919,83,223,,,,,,,10001060,2018/09/26 10:34:34.000000000,,
1646,10,296,1,1,1,1,1,1,10101000,2015/12/29 10:21:20.000000000,10101000,2015/12/29 10:22:10.000000000
1647,10,295,1,1,1,1,1,1,10101000,2015/12/29 10:21:21.000000000,10101000,2015/12/29 10:22:11.000000000
1648,10,368,1,1,1,1,1,1,10101000,2015/12/29 10:21:22.000000000,10101000,2015/12/29 10:22:11.000000000
1674,62,246,,1,,,,,10003409,2016/04/01 09:34:02.000000000,10003409,2016/04/01 09:34:04.000000000
1725,70,170,1,1,1,1,1,1,VACANTCCGEM,2017/02/01 16:40:47.000000000,VACANTCCGEM,2017/02/01 16:41:01.000000000
1677,5,376,1,1,1,1,1,1,10101000,2016/05/09 06:32:30.000000000,10101000,2016/05/09 06:33:32.000000000
1731,4,386,1,1,1,1,,,10003409,2017/02/03 08:53:08.000000000,10003409,2017/02/03 08:53:17.000000000
1729,4,385,,1,,,,,10003409,2017/02/03 08:53:04.000000000,10003409,2017/02/03 08:53:19.000000000
1739,38,385,1,1,,,,,10003413,2017/02/07 20:01:46.000000000,10003413,2017/02/07 20:01:50.000000000
1741,38,387,1,1,,,,,10003413,2017/02/07 20:01:47.000000000,10003413,2017/02/07 20:01:52.000000000
1799,77,56,1,1,1,,1,1,10003409,2017/11/10 13:44:48.000000000,10003409,2017/11/10 13:45:14.000000000
1829,77,40,,1,,,,,10003409,2017/11/10 13:50:04.000000000,10003409,2017/11/10 13:50:08.000000000
1740,38,386,1,1,1,1,1,1,10003413,2017/02/07 20:01:47.000000000,10003413,2017/02/07 20:01:58.000000000
1703,10,391,1,1,1,1,1,1,10101000,2016/11/07 23:22:26.000000000,10101000,2016/11/07 23:22:58.000000000
1702,10,390,1,1,1,1,1,1,10101000,2016/11/07 23:22:25.000000000,10101000,2016/11/07 23:22:59.000000000
1701,10,389,1,1,1,1,1,1,10101000,2016/11/07 23:22:24.000000000,10101000,2016/11/07 23:22:59.000000000
1828,77,39,1,1,1,1,,,10003409,2017/11/10 13:50:03.000000000,10003409,2017/11/10 13:50:15.000000000
1830,77,41,,,,,,,10003409,2017/11/10 13:50:18.000000000,,
1757,10,411,,1,,,,,nutech,2017/03/01 14:52:12.000000000,nutech,2017/03/01 14:52:18.000000000
1756,10,410,,1,,,,,nutech,2017/03/01 14:52:11.000000000,nutech,2017/03/01 14:52:18.000000000
1755,10,409,,1,,,,,nutech,2017/03/01 14:52:10.000000000,nutech,2017/03/01 14:52:18.000000000
1754,10,408,,1,,,,,nutech,2017/03/01 14:52:08.000000000,nutech,2017/03/01 14:52:19.000000000
1800,77,55,1,1,1,,1,1,10003409,2017/11/10 13:44:49.000000000,10003409,2017/11/10 13:45:24.000000000
1752,10,406,,1,,,,,nutech,2017/03/01 14:52:07.000000000,nutech,2017/03/01 14:52:21.000000000
1750,10,404,,1,,,,,nutech,2017/03/01 14:52:05.000000000,nutech,2017/03/01 14:52:22.000000000
1749,10,403,,1,,,,,nutech,2017/03/01 14:52:04.000000000,nutech,2017/03/01 14:52:23.000000000
1748,10,402,,1,,,,,nutech,2017/03/01 14:52:03.000000000,nutech,2017/03/01 14:52:23.000000000
1747,10,401,,1,,,,,nutech,2017/03/01 14:52:03.000000000,nutech,2017/03/01 14:52:24.000000000
1745,10,398,,1,,,,,nutech,2017/03/01 14:52:00.000000000,nutech,2017/03/01 14:52:25.000000000
1759,10,413,,0,,,,,nutech,2017/03/01 14:52:15.000000000,nutech,2017/03/01 17:53:53.000000000
1832,77,94,,1,,,,,10003409,2017/11/10 13:50:20.000000000,10003409,2017/11/10 13:50:22.000000000
1413,10,236,,,,,0,,admin,2014/08/31 23:18:21.000000000,10101000,2017/04/25 01:38:21.000000000
1852,77,246,,1,,,,,10003409,2017/11/10 13:53:33.000000000,10003409,2017/11/10 13:53:38.000000000
1803,77,53,1,1,1,0,1,1,10003409,2017/11/10 13:44:54.000000000,10003409,2017/11/10 13:45:39.000000000
1773,10,422,1,1,1,1,1,1,10003409,2017/04/25 02:45:24.000000000,10003409,2017/04/25 02:45:36.000000000
1805,77,231,1,1,1,1,,,10003409,2017/11/10 13:46:07.000000000,10003409,2017/11/10 13:46:31.000000000
1831,77,44,1,1,1,1,,,10003409,2017/11/10 13:50:19.000000000,10003409,2017/11/10 13:50:25.000000000
1807,77,249,0,1,,,,,10003409,2017/11/10 13:46:10.000000000,10003409,2017/11/10 13:46:46.000000000
1833,77,236,,1,,,,,10003409,2017/11/10 13:50:29.000000000,10003409,2017/11/10 13:50:30.000000000
1834,77,102,,1,,,,,10003409,2017/11/10 13:50:32.000000000,10003409,2017/11/10 13:50:53.000000000
1810,77,287,1,1,1,1,1,1,10003409,2017/11/10 13:46:54.000000000,10003409,2017/11/10 13:47:19.000000000
1812,77,289,1,1,1,1,1,1,10003409,2017/11/10 13:46:58.000000000,10003409,2017/11/10 13:47:29.000000000
1841,77,386,1,1,1,1,1,1,10003409,2017/11/10 13:51:47.000000000,10003409,2017/11/10 13:51:54.000000000
1842,77,387,,1,,,,,10003409,2017/11/10 13:51:48.000000000,10003409,2017/11/10 13:51:56.000000000
1835,77,240,1,1,1,1,,,10003409,2017/11/10 13:50:49.000000000,10003409,2017/11/10 13:50:56.000000000
1836,77,241,,1,,,,,10003409,2017/11/10 13:51:03.000000000,10003409,2017/11/10 13:51:04.000000000
1813,77,293,1,1,1,1,1,1,10003409,2017/11/10 13:46:59.000000000,10003409,2017/11/10 13:47:36.000000000
1837,77,221,,,,,,,10003409,2017/11/10 13:51:07.000000000,,
1816,77,34,1,1,1,,,,10003409,2017/11/10 13:47:59.000000000,10003409,2017/11/10 13:48:09.000000000
1818,77,32,,1,,,,,10003409,2017/11/10 13:48:12.000000000,10003409,2017/11/10 13:48:35.000000000
1819,77,33,,1,,,,,10003409,2017/11/10 13:48:14.000000000,10003409,2017/11/10 13:48:36.000000000
1823,77,106,,1,,,,,10003409,2017/11/10 13:48:56.000000000,10003409,2017/11/10 13:48:58.000000000
1825,77,194,,,,,,,10003409,2017/11/10 13:49:39.000000000,,
1826,77,196,1,1,1,1,1,1,10003409,2017/11/10 13:49:40.000000000,10003409,2017/11/10 13:49:58.000000000
1843,77,21,,,,,,,10003409,2017/11/10 13:52:06.000000000,,
1844,77,59,,1,,,,,10003409,2017/11/10 13:52:09.000000000,10003409,2017/11/10 13:52:12.000000000
1845,77,127,,1,,,,,10003409,2017/11/10 13:52:10.000000000,10003409,2017/11/10 13:52:13.000000000
1846,77,128,,,,,,,10003409,2017/11/10 13:52:15.000000000,,
1847,77,23,,,,,,,10003409,2017/11/10 13:52:32.000000000,,
1838,77,223,1,1,1,1,1,1,10003409,2017/11/10 13:51:09.000000000,10003409,2017/11/10 13:51:22.000000000
1840,77,385,,1,,,,,10003409,2017/11/10 13:51:46.000000000,10003409,2017/11/10 13:51:50.000000000
1853,77,229,,1,,,,,10003409,2017/11/10 13:54:42.000000000,10003409,2017/11/10 13:54:45.000000000
1848,77,25,,1,,,,,10003409,2017/11/10 13:52:33.000000000,10003409,2017/11/10 13:52:35.000000000
1849,77,26,,,,,,,10003409,2017/11/10 13:52:44.000000000,,
1850,77,28,,1,,,,,10003409,2017/11/10 13:52:46.000000000,10003409,2017/11/10 13:52:47.000000000
1854,77,228,,1,,,,,10003409,2017/11/10 13:54:42.000000000,10003409,2017/11/10 13:54:46.000000000
1882,46,388,,1,,,,,burhan,2018/04/05 17:13:22.000000000,burhan,2018/04/05 17:13:27.000000000
1429,77,170,1,1,1,1,1,1,admin,2014/09/01 04:36:51.000000000,10003409,2017/11/10 13:53:01.000000000
1851,77,245,,,,,,,10003409,2017/11/10 13:53:32.000000000,,
1883,40,34,,1,,,,,burhan,2018/04/20 13:58:36.000000000,burhan,2018/04/20 13:58:39.000000000
1864,79,424,1,1,1,,,,10003017,2018/01/09 11:59:54.000000000,10003017,2018/01/09 12:00:11.000000000
1862,79,171,1,1,1,1,1,1,10003017,2018/01/09 11:59:17.000000000,10002988,2018/01/17 15:45:37.000000000
1870,79,246,,1,,,,,10003017,2018/01/09 12:00:34.000000000,10003017,2018/01/09 12:00:35.000000000
705,19,53,1,1,1,1,1,1,,,burhan,2018/06/08 09:57:03.000000000
1881,10,441,1,1,1,1,1,1,DODY,2018/03/15 11:25:33.000000000,DODY,2018/03/15 11:25:43.000000000
1871,79,242,1,1,1,1,1,1,DODY,2018/01/17 17:56:13.000000000,DODY,2018/01/17 17:56:20.000000000
1875,68,246,,1,,,,,burhan,2018/03/07 13:42:59.000000000,burhan,2018/03/07 13:43:02.000000000
1877,82,246,,1,,,,,burhan,2018/03/07 13:50:33.000000000,burhan,2018/03/07 13:50:35.000000000
1885,3,388,,1,,,,,burhan,2018/07/27 10:13:13.000000000,burhan,2018/07/27 10:13:15.000000000
1886,3,385,,1,,,,,burhan,2018/07/27 10:13:31.000000000,burhan,2018/07/27 10:13:33.000000000
1887,3,387,,1,,,,,burhan,2018/07/27 10:13:35.000000000,burhan,2018/07/27 10:13:36.000000000
1888,3,21,,,,,,,burhan,2018/07/27 10:13:43.000000000,,
1889,3,23,,,,,,,burhan,2018/07/27 10:14:06.000000000,,
1890,3,25,,1,,,,,burhan,2018/07/27 10:14:09.000000000,burhan,2018/07/27 10:14:12.000000000
1891,4,392,,1,,,,,10001220,2018/08/14 13:34:24.000000000,10001220,2018/08/14 13:34:29.000000000
1892,4,393,,1,,,,,10001220,2018/08/14 13:34:27.000000000,10001220,2018/08/14 13:34:30.000000000
1902,83,225,,1,,,,,10001060,2018/09/26 10:28:05.000000000,10001060,2018/09/26 10:28:07.000000000
1904,83,17,,1,,,,,10001060,2018/09/26 10:28:15.000000000,10001060,2018/09/26 10:28:19.000000000
1649,19,294,1,1,1,1,1,1,10003409,2015/12/30 10:48:04.000000000,10003409,2015/12/30 10:48:12.000000000
1675,10,376,1,1,1,1,1,1,10101000,2016/05/09 06:31:29.000000000,10101000,2016/05/09 06:31:34.000000000
1678,19,376,,1,,,,,10003409,2016/05/16 10:48:23.000000000,10003409,2016/05/16 10:48:24.000000000
1650,19,296,1,1,1,1,1,1,10003409,2015/12/30 10:48:05.000000000,10003409,2015/12/30 10:48:16.000000000
1727,70,30,,,,,,,VACANTCCGEM,2017/02/01 16:42:29.000000000,,
216,2,34,1,1,1,,,,,,10003409,2017/02/06 11:05:38.000000000
1651,19,295,,1,1,1,1,1,10003409,2015/12/30 10:48:05.000000000,10003409,2015/12/30 10:48:19.000000000
1704,65,392,1,1,1,1,1,1,10101000,2016/11/07 23:52:21.000000000,10101000,2016/11/07 23:52:27.000000000
1679,10,377,1,1,1,1,1,1,88003293,2016/06/08 05:51:22.000000000,88003293,2016/06/08 05:51:28.000000000
1652,19,368,1,1,1,1,1,1,10003409,2015/12/30 10:48:06.000000000,10003409,2015/12/30 10:48:24.000000000
1801,77,17,,1,,,,,10003409,2017/11/10 13:44:51.000000000,10003409,2017/11/10 13:45:27.000000000
1654,54,30,,,,,,,10003409,2016/02/12 14:37:37.000000000,,
1655,54,236,,,,,,,10003409,2016/02/12 14:37:43.000000000,,
1656,54,102,,1,,,,,10003409,2016/02/12 14:38:06.000000000,10003409,2016/02/12 14:38:07.000000000
1657,54,241,,1,,,,,10003409,2016/02/12 14:38:17.000000000,10003409,2016/02/12 14:38:18.000000000
1658,54,221,,1,,,,,10003409,2016/02/12 14:38:20.000000000,10003409,2016/02/12 14:38:21.000000000
1659,54,223,,1,,,,,10003409,2016/02/12 14:38:23.000000000,10003409,2016/02/12 14:38:25.000000000
1734,65,385,1,1,,,,,10003413,2017/02/07 19:59:00.000000000,10003413,2017/02/07 19:59:06.000000000
1705,65,393,1,1,1,1,1,1,10101000,2016/11/07 23:52:22.000000000,10101000,2016/11/07 23:52:30.000000000
1682,3,235,1,1,1,1,1,1,10003409,2016/08/24 09:47:39.000000000,10003409,2016/08/24 09:47:44.000000000
1660,10,369,1,1,1,1,1,1,10101000,2016/02/23 06:19:51.000000000,10101000,2016/02/23 06:19:59.000000000
1661,47,30,,,,,,,10003409,2016/02/26 13:54:43.000000000,,
1662,47,236,,,,,,,10003409,2016/02/26 13:54:52.000000000,,
1663,47,221,,,,,,,10003409,2016/02/26 13:54:54.000000000,,
1683,3,236,0,0,0,0,0,0,10003409,2016/08/24 19:36:22.000000000,50002084,2017/09/07 18:09:11.000000000
1712,10,395,1,1,1,1,1,1,nutech,2016/12/16 14:19:35.000000000,nutech,2016/12/16 14:19:46.000000000
1713,10,396,1,1,1,1,1,1,nutech,2016/12/16 14:19:36.000000000,nutech,2016/12/16 14:19:46.000000000
1664,47,222,,1,1,,1,1,10003409,2016/02/26 13:54:54.000000000,10003409,2016/02/26 13:55:11.000000000
1665,47,223,,1,1,,1,1,10003409,2016/02/26 13:54:55.000000000,10003409,2016/02/26 13:55:11.000000000
1714,66,50,,,,,,,10003409,2017/01/10 14:25:52.000000000,,
1706,65,394,1,1,1,1,1,1,10101000,2016/11/07 23:52:23.000000000,10101000,2016/11/07 23:52:34.000000000
1685,3,170,1,1,1,1,1,1,10003409,2016/08/24 19:37:12.000000000,10003409,2016/08/24 19:37:17.000000000
1666,2,235,,,1,1,1,1,10003409,2016/03/04 16:19:54.000000000,10003409,2016/03/04 16:20:04.000000000
1667,10,370,,,,,,,88003293,2016/03/08 05:27:52.000000000,,
2182,65,31,,1,,,,,88001549,2020/02/12 15:10:18.000000000,88001549,2020/02/12 15:10:20.000000000
1707,65,30,,,,,,,10101000,2016/11/07 23:52:44.000000000,,
1687,3,248,1,,,,,,88003587,2016/09/27 11:23:18.000000000,88003587,2016/09/27 11:23:19.000000000
1715,66,17,,1,,,,,10003409,2017/01/10 14:25:59.000000000,10003409,2017/01/10 14:28:41.000000000
1717,66,245,,,,,,,10003409,2017/01/10 14:35:26.000000000,,
1718,66,246,,1,,,,,10003409,2017/01/10 14:35:32.000000000,10003409,2017/01/10 14:35:36.000000000
1688,3,249,1,1,1,,,,88003587,2016/09/27 11:23:21.000000000,88003587,2016/09/27 11:23:25.000000000
1689,3,250,1,1,1,,,,88003587,2016/09/27 11:23:22.000000000,88003587,2016/09/27 11:23:25.000000000
1708,65,389,1,1,1,1,1,1,10003409,2016/11/08 09:19:12.000000000,10003409,2016/11/08 09:19:20.000000000
1775,3,34,1,1,,,,,VacantCCErafone,2017/04/28 17:56:05.000000000,VacantCCErafone,2017/04/28 17:56:09.000000000
1776,10,423,,,,,,,andedi,2017/05/02 01:24:54.000000000,,
1736,65,387,1,1,,,,,10003413,2017/02/07 19:59:02.000000000,10003413,2017/02/07 19:59:12.000000000
1767,10,418,1,1,1,1,1,1,nutech,2017/04/03 11:14:15.000000000,nutech,2017/04/03 11:37:38.000000000
1735,65,386,1,1,1,1,,1,10003413,2017/02/07 19:59:01.000000000,10003413,2017/02/07 19:59:18.000000000
1709,65,390,1,1,1,1,1,1,10003409,2016/11/08 09:19:15.000000000,10003409,2016/11/08 09:19:24.000000000
1742,68,23,,,,,,,10003409,2017/02/09 14:18:48.000000000,,
1743,68,25,,1,,,,,10003409,2017/02/09 14:18:49.000000000,10003409,2017/02/09 14:18:50.000000000
1744,10,397,,,,,,,nutech,2017/03/01 14:49:03.000000000,,
1710,65,391,1,1,1,1,1,1,10003409,2016/11/08 09:19:16.000000000,10003409,2016/11/08 09:19:29.000000000
1760,10,414,,1,,,,,nutech,2017/03/01 16:05:18.000000000,nutech,2017/03/01 16:05:19.000000000
1761,10,415,,1,,,,,nutech,2017/03/01 20:51:20.000000000,nutech,2017/03/01 20:51:20.000000000
1763,68,14,,,,,,,10003409,2017/03/06 14:50:19.000000000,,
1711,4,380,1,1,1,1,1,1,10003409,2016/11/08 13:46:03.000000000,10003409,2016/11/08 13:46:18.000000000
1777,10,424,,,,,,,andedi,2017/05/02 01:24:57.000000000,,
1764,68,171,1,1,1,,,,10003409,2017/03/06 14:50:21.000000000,10003409,2017/03/06 14:50:25.000000000
1771,4,422,1,1,1,1,1,1,DODY,2017/04/25 00:31:43.000000000,DODY,2017/04/25 00:31:53.000000000
1765,68,170,1,1,1,,,,andedi,2017/03/06 14:55:28.000000000,andedi,2017/03/08 16:19:16.000000000
1778,10,427,,,,,,,andedi,2017/05/02 01:25:00.000000000,,
1779,10,426,,,,,,,andedi,2017/05/02 01:25:01.000000000,,
1780,10,428,,,,,,,andedi,2017/05/02 01:25:01.000000000,,
1781,10,425,,,,,,,andedi,2017/05/02 01:25:02.000000000,,
1766,10,417,1,1,1,1,1,1,10101000,2017/04/03 10:54:09.000000000,10101000,2017/04/03 10:54:12.000000000
1806,77,248,1,1,,,,,10003409,2017/11/10 13:46:08.000000000,10003409,2017/11/10 13:46:32.000000000
1769,10,420,,,,,,,robai,2017/04/05 08:07:19.000000000,,
1783,73,245,,,,,,,10003409,2017/05/04 10:22:37.000000000,,
1782,73,246,,1,,,,,10003409,2017/05/04 10:22:36.000000000,10003409,2017/05/04 10:22:39.000000000
1414,10,241,0,0,0,0,0,0,admin,2014/08/31 23:18:21.000000000,10101000,2017/04/25 01:38:11.000000000
1772,10,238,1,1,1,1,1,1,robai,2017/04/25 01:45:04.000000000,,
1770,19,417,1,1,1,1,1,1,10003409,2017/04/05 10:53:35.000000000,10003409,2017/04/05 10:54:28.000000000
1808,77,250,1,1,,,,,10003409,2017/11/10 13:46:11.000000000,10003409,2017/11/10 13:46:36.000000000
1802,77,52,1,1,1,,1,1,10003409,2017/11/10 13:44:52.000000000,10003409,2017/11/10 13:45:32.000000000
1804,77,213,,1,,,,,10003409,2017/11/10 13:45:49.000000000,10003409,2017/11/10 13:45:51.000000000
1814,77,380,1,1,1,1,1,1,10003409,2017/11/10 13:47:49.000000000,10003409,2017/11/10 13:47:55.000000000
1774,10,421,1,1,1,1,1,1,10101000,2017/04/25 03:19:26.000000000,10101000,2017/04/25 03:19:29.000000000
1817,77,31,,1,,,,,10003409,2017/11/10 13:48:11.000000000,10003409,2017/11/10 13:48:34.000000000
1811,77,288,1,1,1,1,1,1,10003409,2017/11/10 13:46:55.000000000,10003409,2017/11/10 13:47:24.000000000
1860,79,14,,,,,,,10003017,2018/01/09 11:59:10.000000000,,
1820,77,169,,1,,,,,10003409,2017/11/10 13:48:15.000000000,10003409,2017/11/10 13:48:36.000000000
1863,79,423,,,,,,,10003017,2018/01/09 11:59:50.000000000,,
1821,77,201,1,1,1,,,,10003409,2017/11/10 13:48:47.000000000,10003409,2017/11/10 13:48:49.000000000
1824,77,200,,1,,,,,10003409,2017/11/10 13:49:00.000000000,10003409,2017/11/10 13:49:01.000000000
1865,79,427,1,1,1,,,,10003017,2018/01/09 11:59:56.000000000,10003017,2018/01/09 12:00:16.000000000
1827,77,38,,,,,,,10003409,2017/11/10 13:50:02.000000000,,
1872,40,23,,,,,,,10003409,2018/02/06 14:37:53.000000000,,
1874,68,245,,,,,,,burhan,2018/03/07 13:42:57.000000000,,
1876,82,245,,,,,,,burhan,2018/03/07 13:50:29.000000000,,
1903,83,50,,,,,,,10001060,2018/09/26 10:28:11.000000000,,
1893,10,442,0,1,,,,,burhan,2018/08/20 23:08:37.000000000,burhan,2018/08/20 23:42:07.000000000
1894,10,443,,1,,,,,DODY,2018/09/07 01:49:01.000000000,DODY,2018/09/07 01:49:04.000000000
1895,10,444,,1,,,,,DODY,2018/09/07 01:49:07.000000000,DODY,2018/09/07 01:49:16.000000000
1896,10,445,,1,,,,,DODY,2018/09/07 01:49:08.000000000,DODY,2018/09/07 01:49:17.000000000
1897,10,446,,1,,,,,DODY,2018/09/07 01:49:09.000000000,DODY,2018/09/07 01:49:17.000000000
1898,10,447,,1,,,,,DODY,2018/09/07 01:49:10.000000000,DODY,2018/09/07 01:49:18.000000000
1899,10,448,,1,,,,,DODY,2018/09/07 01:49:14.000000000,DODY,2018/09/07 01:49:18.000000000
1900,10,449,,1,,,,,DODY,2018/09/07 01:49:15.000000000,DODY,2018/09/07 01:49:19.000000000
1905,83,53,,1,,,,,10001060,2018/09/26 10:28:17.000000000,10001060,2018/09/26 10:28:20.000000000
1907,83,34,,1,,,,,10001060,2018/09/26 10:29:00.000000000,10001060,2018/09/26 10:29:03.000000000
1908,83,31,,1,,,,,10001060,2018/09/26 10:29:04.000000000,10001060,2018/09/26 10:29:08.000000000
1909,83,33,,1,,,,,10001060,2018/09/26 10:29:05.000000000,10001060,2018/09/26 10:29:09.000000000
1910,83,97,,1,,,,,10001060,2018/09/26 10:29:40.000000000,10001060,2018/09/26 10:29:47.000000000
1911,83,106,,1,,,,,10001060,2018/09/26 10:29:45.000000000,10001060,2018/09/26 10:29:48.000000000
1912,83,38,,1,,,,,10001060,2018/09/26 10:30:01.000000000,10001060,2018/09/26 10:30:03.000000000
1913,83,40,,1,,,,,10001060,2018/09/26 10:30:04.000000000,10001060,2018/09/26 10:30:06.000000000
1914,83,41,,1,,,,,10001060,2018/09/26 10:30:14.000000000,10001060,2018/09/26 10:30:17.000000000
1915,83,94,,1,,,,,10001060,2018/09/26 10:30:15.000000000,10001060,2018/09/26 10:30:18.000000000
1916,83,236,,1,,,,,10001060,2018/09/26 10:34:25.000000000,10001060,2018/09/26 10:34:27.000000000
1917,83,102,,1,,,,,10001060,2018/09/26 10:34:26.000000000,10001060,2018/09/26 10:34:28.000000000
1918,83,221,,1,,,,,10001060,2018/09/26 10:34:30.000000000,10001060,2018/09/26 10:34:31.000000000
1920,83,388,,,,,,,10001060,2018/09/26 10:34:46.000000000,,
1921,83,392,,1,,,,,10001060,2018/09/26 10:34:48.000000000,10001060,2018/09/26 10:34:50.000000000
1922,83,393,,1,,,,,10001060,2018/09/26 10:34:53.000000000,10001060,2018/09/26 10:34:54.000000000
1923,83,394,,1,,,,,10001060,2018/09/26 10:34:57.000000000,10001060,2018/09/26 10:34:58.000000000
1924,83,21,,,,,,,10001060,2018/09/26 10:35:40.000000000,,
1925,83,128,,1,,,,,10001060,2018/09/26 10:35:44.000000000,10001060,2018/09/26 10:35:46.000000000
1926,83,23,,,,,,,10001060,2018/09/26 10:36:10.000000000,,
1927,83,25,,1,,,,,10001060,2018/09/26 10:36:14.000000000,10001060,2018/09/26 10:36:15.000000000
1928,83,26,,,,,,,10001060,2018/09/26 10:36:48.000000000,,
1929,83,28,,1,,,,,10001060,2018/09/26 10:36:50.000000000,10001060,2018/09/26 10:36:52.000000000
1930,83,14,,,,,,,10001060,2018/09/26 10:37:10.000000000,,
1931,83,170,1,1,,,,,10001060,2018/09/26 10:37:11.000000000,10001060,2018/09/26 10:37:22.000000000
1932,83,171,,1,,,,,10001060,2018/09/26 10:37:14.000000000,10001060,2018/09/26 10:37:23.000000000
1933,83,245,,,,,,,10001060,2018/09/26 10:37:41.000000000,,
1934,83,246,,1,,,,,10001060,2018/09/26 10:37:45.000000000,10001060,2018/09/26 10:37:47.000000000
1935,83,299,,1,,,,,10001060,2018/09/26 10:37:56.000000000,10001060,2018/09/26 10:38:00.000000000
1936,83,229,,1,,,,,10001060,2018/09/26 10:38:09.000000000,10001060,2018/09/26 10:38:12.000000000
1937,83,228,,1,,,,,10001060,2018/09/26 10:38:10.000000000,10001060,2018/09/26 10:38:13.000000000
1960,65,50,,,,,,,VacantCJ16,2018/11/19 14:50:56.000000000,,
1959,65,380,1,1,,,,,VacantCJ16,2018/11/19 14:50:42.000000000,VacantCJ16,2018/11/19 14:51:24.000000000
1946,19,450,0,1,,,,,10003285,2018/10/17 18:27:33.000000000,10003285,2018/10/17 18:27:48.000000000
1938,10,450,1,1,1,1,1,1,10101000,2018/10/01 16:03:52.000000000,10101000,2018/10/01 16:04:20.000000000
1947,19,451,1,,,,,,10003285,2018/10/17 18:27:34.000000000,10003285,2018/10/17 18:27:51.000000000
1948,19,452,,1,,,,,10003285,2018/10/17 18:27:35.000000000,10003285,2018/10/17 18:27:53.000000000
1949,82,30,,,,,,,burhan,2018/11/01 08:44:36.000000000,,
1939,10,451,1,1,1,1,1,1,10101000,2018/10/01 16:04:08.000000000,10101000,2018/10/01 16:04:25.000000000
1961,10,453,1,1,,,,,10003409,2018/12/14 13:55:12.000000000,10003409,2018/12/14 13:55:17.000000000
1964,47,246,,1,,,,,88003651,2018/12/20 09:21:00.000000000,88003651,2018/12/20 09:21:09.000000000
1940,10,452,1,1,1,1,1,1,10101000,2018/10/01 16:04:11.000000000,10101000,2018/10/01 16:04:32.000000000
1965,85,245,,,,,,,10003409,2018/12/24 08:47:26.000000000,,
1942,34,30,,,,,,,10003363,2018/10/08 09:46:43.000000000,,
2037,87,50,,,,,,,88003651,2019/04/08 08:51:52.000000000,,
1452,4,246,,1,,,,,admin,2014/11/18 06:16:10.000000000,mbali,2018/10/08 15:10:55.000000000
1944,84,30,,,,,,,10101000,2018/10/16 16:42:40.000000000,,
1945,84,235,,1,,,,,10101000,2018/10/16 16:42:42.000000000,10101000,2018/10/16 16:42:44.000000000
1966,85,246,,1,,,,,10003409,2018/12/24 08:47:28.000000000,10003409,2018/12/24 08:47:35.000000000
1950,82,385,1,1,1,,,,burhan,2018/11/01 08:44:44.000000000,burhan,2018/11/01 08:47:19.000000000
1951,82,386,1,1,1,,,,burhan,2018/11/01 08:45:41.000000000,burhan,2018/11/01 08:47:20.000000000
1952,82,387,1,1,1,,,,burhan,2018/11/01 08:45:57.000000000,burhan,2018/11/01 08:47:21.000000000
1967,86,245,,,,,,,10003409,2018/12/24 08:51:27.000000000,,
1953,66,229,0,1,,,,,burhan,2018/11/05 21:01:19.000000000,burhan,2018/11/05 21:01:24.000000000
1954,82,443,,1,,,,,10003409,2018/11/13 14:58:24.000000000,10003409,2018/11/13 14:58:43.000000000
1955,82,444,,1,,,,,10003409,2018/11/13 14:58:27.000000000,10003409,2018/11/13 14:58:45.000000000
1956,82,445,,1,,,,,10003409,2018/11/13 14:58:28.000000000,10003409,2018/11/13 14:58:46.000000000
1957,82,448,,1,,,,,10003409,2018/11/13 14:58:34.000000000,10003409,2018/11/13 14:58:51.000000000
1958,82,449,,1,,,,,10003409,2018/11/13 14:58:36.000000000,10003409,2018/11/13 14:58:53.000000000
1968,86,246,,1,,,,,10003409,2018/12/24 08:51:29.000000000,10003409,2018/12/24 08:51:36.000000000
1969,84,245,,,,,,,10101000,2018/12/28 08:42:01.000000000,,
1970,84,246,,1,,,,,10101000,2018/12/28 08:42:04.000000000,10101000,2018/12/28 08:42:06.000000000
1972,84,229,,1,,,,,10101000,2018/12/28 08:42:33.000000000,10101000,2018/12/28 08:42:35.000000000
1971,84,228,,1,,,,,10101000,2018/12/28 08:42:31.000000000,10101000,2018/12/28 08:42:36.000000000
1993,65,26,,,,,,,88003651,2019/02/18 13:54:18.000000000,,
1994,34,50,,,,,,,10003409,2019/03/22 14:31:51.000000000,,
1995,34,3,,1,,,,,10003409,2019/03/22 14:31:55.000000000,10003409,2019/03/22 14:31:59.000000000
2047,30,246,,1,,,,,10003409,2019/06/27 09:27:25.000000000,10003409,2019/06/27 09:27:26.000000000
1978,84,236,,1,,,,,10003409,2019/01/04 15:45:18.000000000,10003409,2019/01/04 15:45:20.000000000
1979,84,102,,1,,,,,10003409,2019/01/04 15:45:41.000000000,10003409,2019/01/04 15:45:43.000000000
1980,87,30,,,,,,,88003651,2019/01/16 09:36:15.000000000,,
1982,87,235,,1,,,,,88003651,2019/01/16 09:36:34.000000000,88003651,2019/01/16 09:36:46.000000000
1983,87,236,,1,,,,,88003651,2019/01/16 09:37:10.000000000,88003651,2019/01/16 09:37:15.000000000
1984,87,102,,1,,,,,88003651,2019/01/16 09:37:13.000000000,88003651,2019/01/16 09:37:16.000000000
2041,4,454,,1,,,,,mbali,2019/04/15 14:03:01.000000000,mbali,2019/04/15 14:03:08.000000000
1987,87,245,,,,,,,88003651,2019/01/16 09:38:01.000000000,,
1986,87,246,,1,,,,,88003651,2019/01/16 09:37:57.000000000,88003651,2019/01/16 09:38:04.000000000
1988,87,229,,1,,,,,88003651,2019/01/16 09:40:27.000000000,88003651,2019/01/16 09:40:31.000000000
1989,87,228,,1,,,,,88003651,2019/01/16 09:40:28.000000000,88003651,2019/01/16 09:40:32.000000000
1990,61,21,,,,,,,10003409,2019/02/06 16:00:04.000000000,,
1991,61,128,,1,,,,,10003409,2019/02/06 16:00:07.000000000,10003409,2019/02/06 16:00:09.000000000
1943,34,34,1,1,1,,,,10003363,2018/10/08 09:46:48.000000000,10003409,2019/03/22 14:35:42.000000000
1996,34,56,0,1,,,,,10003409,2019/03/22 14:32:03.000000000,10003409,2019/03/22 14:32:10.000000000
1997,34,17,,1,,,,,10003409,2019/03/22 14:32:34.000000000,10003409,2019/03/22 14:32:36.000000000
2038,87,17,,1,,,,,88003651,2019/04/08 08:51:59.000000000,88003651,2019/04/08 08:52:04.000000000
2042,65,454,,1,,,,,mbali,2019/04/15 14:04:34.000000000,mbali,2019/04/15 14:04:39.000000000
2043,10,454,,1,,,,,mbali,2019/04/15 14:05:41.000000000,mbali,2019/04/15 14:05:44.000000000
2049,85,3,,1,,,,,50002151,2019/06/28 15:36:33.000000000,50002151,2019/06/28 15:36:34.000000000
2052,85,53,,1,,,,,50002151,2019/06/28 15:36:41.000000000,50002151,2019/06/28 15:36:45.000000000
2053,85,30,,,,,,,50002151,2019/06/28 15:37:21.000000000,,
2055,85,33,,1,,,,,50002151,2019/06/28 15:37:35.000000000,50002151,2019/06/28 15:37:37.000000000
2057,85,106,,1,,,,,50002151,2019/06/28 15:37:55.000000000,50002151,2019/06/28 15:38:00.000000000
2061,85,40,,1,,,,,50002151,2019/06/28 15:38:47.000000000,50002151,2019/06/28 15:38:51.000000000
2063,85,94,,1,,,,,50002151,2019/06/28 15:38:57.000000000,50002151,2019/06/28 15:39:01.000000000
2065,85,102,,1,,,,,50002151,2019/06/28 15:39:15.000000000,50002151,2019/06/28 15:39:16.000000000
2069,85,128,,1,,,,,50002151,2019/06/28 15:40:16.000000000,50002151,2019/06/28 15:40:17.000000000
2071,85,28,,1,,,,,50002151,2019/06/28 15:41:29.000000000,50002151,2019/06/28 15:41:33.000000000
2079,93,3,1,1,1,,,,10003409,2019/08/01 14:36:14.000000000,10003409,2019/08/01 14:36:23.000000000
2114,92,38,0,1,0,,,,10003409,2019/08/05 14:33:13.000000000,10003409,2019/08/05 14:33:54.000000000
2081,93,55,1,1,1,,,,10003409,2019/08/01 14:36:16.000000000,10003409,2019/08/01 14:36:30.000000000
2083,93,34,1,1,1,,,,10003409,2019/08/01 14:36:49.000000000,10003409,2019/08/01 14:36:55.000000000
2120,92,236,,1,,,,,10003409,2019/08/05 14:34:42.000000000,10003409,2019/08/05 14:34:43.000000000
2122,92,21,,,,,,,10003409,2019/08/05 14:35:05.000000000,,
2085,93,106,1,1,1,,,,10003409,2019/08/01 14:37:15.000000000,10003409,2019/08/01 14:37:18.000000000
2087,93,39,1,1,1,,,,10003409,2019/08/01 14:37:28.000000000,10003409,2019/08/01 14:37:32.000000000
2123,92,128,0,1,,,,,10003409,2019/08/05 14:35:09.000000000,10003409,2019/08/05 14:35:14.000000000
2124,92,26,,,,,,,10003409,2019/08/05 14:35:53.000000000,,
2089,93,41,,1,,,,,10003409,2019/08/01 14:37:40.000000000,10003409,2019/08/01 14:37:50.000000000
2091,93,94,1,1,1,,,,10003409,2019/08/01 14:37:42.000000000,10003409,2019/08/01 14:37:51.000000000
2125,92,28,,1,,,,,10003409,2019/08/05 14:35:56.000000000,10003409,2019/08/05 14:35:58.000000000
2126,92,14,,,,,,,10003409,2019/08/05 14:36:18.000000000,,
2093,93,102,1,1,1,,,,10003409,2019/08/01 14:38:04.000000000,10003409,2019/08/01 14:38:08.000000000
2095,93,128,,1,,,,,10003409,2019/08/01 14:38:27.000000000,10003409,2019/08/01 14:38:29.000000000
2097,93,26,,,,,,,10003409,2019/08/01 14:38:46.000000000,,
2099,93,245,,,,,,,10003409,2019/08/01 14:39:12.000000000,,
2101,93,14,,,,,,,10003409,2019/08/01 15:46:54.000000000,,
2103,93,170,1,1,1,,,,10003409,2019/08/01 15:46:58.000000000,10003409,2019/08/01 15:47:01.000000000
2143,4,456,1,1,,,,,10003409,2019/10/21 08:48:57.000000000,10003409,2019/10/21 08:49:01.000000000
2104,93,231,1,1,1,,,,10001220,2019/08/02 16:58:47.000000000,10001220,2019/08/02 16:58:51.000000000
2105,92,50,,,,,,,10003409,2019/08/05 14:31:14.000000000,,
2127,92,170,1,1,1,,,,10003409,2019/08/05 14:36:19.000000000,10003409,2019/08/05 14:36:24.000000000
2146,34,455,1,1,1,,,,VacantSL04,2019/12/13 17:57:27.000000000,VacantSL04,2019/12/13 17:57:30.000000000
2107,92,56,1,1,1,,,,10003409,2019/08/05 14:31:19.000000000,10003409,2019/08/05 14:31:28.000000000
2148,65,21,,,,,,,88003651,2019/12/18 15:06:31.000000000,,
2128,92,171,1,1,1,,,,10003409,2019/08/05 14:36:20.000000000,10003409,2019/08/05 14:36:28.000000000
2109,92,231,1,1,1,,,,10003409,2019/08/05 14:31:53.000000000,10003409,2019/08/05 14:32:05.000000000
2144,19,214,1,1,1,1,,,VACANTCC999,2019/10/22 15:45:39.000000000,VACANTCC999,2019/10/22 15:45:47.000000000
2111,92,34,1,1,1,,,,10003409,2019/08/05 14:32:21.000000000,10003409,2019/08/05 14:32:24.000000000
2112,92,97,,,,,,,10003409,2019/08/05 14:32:44.000000000,,
2149,5,456,1,1,,,,,10003409,2019/12/24 09:57:42.000000000,10003409,2019/12/24 09:57:55.000000000
2151,5,223,,1,,,,,10003409,2019/12/24 09:58:51.000000000,10003409,2019/12/24 09:58:53.000000000
2118,92,44,1,1,1,,,,10003409,2019/08/05 14:33:17.000000000,10003409,2019/08/05 14:33:30.000000000
2159,5,387,,1,,,,,88003651,2020/01/02 16:45:42.000000000,88003651,2020/01/02 16:45:59.000000000
2116,92,40,1,1,1,,,,10003409,2019/08/05 14:33:15.000000000,10003409,2019/08/05 14:33:36.000000000
1339,5,44,1,1,1,,,,10003409,2014/04/24 09:23:35.000000000,10003409,2019/12/24 13:20:15.000000000
2162,5,249,,1,,,,,88003651,2020/01/02 16:53:51.000000000,88003651,2020/01/02 16:53:52.000000000
2163,5,286,,1,,,,,88003651,2020/01/02 16:54:57.000000000,88003651,2020/01/02 16:54:59.000000000
2129,92,245,,,,,,,10003409,2019/08/05 14:36:56.000000000,,
2130,92,246,,1,,,,,10003409,2019/08/05 14:36:57.000000000,10003409,2019/08/05 14:36:59.000000000
2131,35,299,,1,,,,,10003409,2019/08/07 16:55:26.000000000,10003409,2019/08/07 16:55:28.000000000
347,2,38,,1,,,,,,,10003409,2019/08/07 17:25:15.000000000
2164,5,236,,1,,,,,88003651,2020/01/02 16:56:28.000000000,88003651,2020/01/02 16:56:29.000000000
2132,5,455,1,1,1,,,,50002352,2019/08/07 19:03:32.000000000,50002352,2019/08/07 19:03:36.000000000
2133,5,31,,1,,,,,10101000,2019/08/07 19:37:15.000000000,10101000,2019/08/07 19:37:17.000000000
2183,65,32,,1,,,,,88001549,2020/02/12 15:10:22.000000000,88001549,2020/02/12 15:10:23.000000000
2186,38,32,,1,,,,,88001549,2020/02/12 15:11:56.000000000,88001549,2020/02/12 15:11:59.000000000
2187,38,392,,1,,,,,10003409,2020/03/03 09:32:56.000000000,10003409,2020/03/03 09:33:02.000000000
2166,5,170,1,1,1,1,1,1,88003651,2020/01/02 16:56:54.000000000,88003651,2020/01/02 16:57:02.000000000
2169,5,25,,1,,,,,88003651,2020/01/02 16:57:44.000000000,88003651,2020/01/02 16:57:50.000000000
2171,3,3,,1,,,,,10003409,2020/01/28 17:05:56.000000000,10003409,2020/01/28 17:05:59.000000000
2173,3,31,,1,,,,,10003409,2020/01/28 17:06:46.000000000,10003409,2020/01/28 17:06:50.000000000
2175,3,97,,1,,,,,10003409,2020/01/28 17:06:55.000000000,10003409,2020/01/28 17:07:01.000000000
2177,3,38,,1,,,,,10003409,2020/01/28 17:07:30.000000000,10003409,2020/01/28 17:07:34.000000000
2179,3,94,,1,,,,,10003409,2020/01/28 17:07:39.000000000,10003409,2020/01/28 17:07:41.000000000
2181,44,25,,,,,,,10003409,2020/01/29 18:07:40.000000000,,
2188,38,394,1,1,,,,,10003409,2020/03/03 09:32:58.000000000,10003409,2020/03/03 09:33:29.000000000
2190,38,380,1,1,1,1,,,10003409,2020/03/03 10:22:44.000000000,10003409,2020/03/03 10:22:49.000000000
2193,86,456,1,1,,,,,10003409,2020/03/17 13:24:33.000000000,10003409,2020/03/17 13:24:41.000000000
2192,86,34,1,1,1,,,,10003409,2020/03/17 13:24:32.000000000,10003409,2020/03/17 13:24:43.000000000
1998,34,53,,1,,,,,10003409,2019/03/22 14:32:39.000000000,10003409,2019/03/22 14:32:40.000000000
2039,87,53,,1,,,,,88003651,2019/04/08 08:52:02.000000000,88003651,2019/04/08 08:52:07.000000000
2044,10,455,,1,,,,,10003409,2019/04/25 02:06:04.000000000,10003409,2019/04/25 02:06:06.000000000
2080,93,56,1,1,1,,1,1,10003409,2019/08/01 14:36:15.000000000,10003409,2019/08/01 14:36:25.000000000
2050,85,56,,1,,,,,50002151,2019/06/28 15:36:36.000000000,50002151,2019/06/28 15:36:38.000000000
2000,34,231,1,1,1,1,,,10003409,2019/03/22 14:33:34.000000000,10003409,2019/03/22 14:33:38.000000000
2001,34,248,,1,,,,,10003409,2019/03/22 14:33:44.000000000,10003409,2019/03/22 14:33:47.000000000
2002,34,249,,1,,,,,10003409,2019/03/22 14:33:51.000000000,10003409,2019/03/22 14:33:56.000000000
2003,34,250,,1,,,,,10003409,2019/03/22 14:33:59.000000000,10003409,2019/03/22 14:34:01.000000000
2051,85,17,,1,,,,,50002151,2019/06/28 15:36:39.000000000,50002151,2019/06/28 15:36:48.000000000
2054,85,34,0,1,,,,,50002151,2019/06/28 15:37:22.000000000,50002151,2019/06/28 15:37:26.000000000
2009,34,31,,1,,,,,10003409,2019/03/22 14:35:57.000000000,10003409,2019/03/22 14:35:59.000000000
2010,34,33,,1,,,,,10003409,2019/03/22 14:36:03.000000000,10003409,2019/03/22 14:36:06.000000000
2011,34,38,,1,,,,,10003409,2019/03/22 14:36:34.000000000,10003409,2019/03/22 14:36:39.000000000
2056,85,97,,1,,,,,50002151,2019/06/28 15:37:54.000000000,50002151,2019/06/28 15:37:57.000000000
2012,34,39,1,1,1,,,,10003409,2019/03/22 14:36:36.000000000,10003409,2019/03/22 14:36:41.000000000
2013,34,40,,1,,,,,10003409,2019/03/22 14:36:37.000000000,10003409,2019/03/22 14:36:42.000000000
2015,34,106,,1,,,,,10003409,2019/03/22 14:36:59.000000000,10003409,2019/03/22 14:37:01.000000000
2014,34,97,,1,,,,,10003409,2019/03/22 14:36:56.000000000,10003409,2019/03/22 14:37:02.000000000
2016,34,41,,1,,,,,10003409,2019/03/22 14:37:13.000000000,10003409,2019/03/22 14:37:16.000000000
2106,92,3,1,1,1,,,,10003409,2019/08/05 14:31:18.000000000,10003409,2019/08/05 14:31:26.000000000
2077,34,456,1,1,1,,,,88002640,2019/07/31 15:20:56.000000000,88002640,2019/07/31 15:21:00.000000000
2017,34,44,1,1,1,,,,10003409,2019/03/22 14:37:14.000000000,10003409,2019/03/22 14:37:20.000000000
2018,34,94,,1,,,,,10003409,2019/03/22 14:37:15.000000000,10003409,2019/03/22 14:37:21.000000000
2020,34,102,,1,,,,,10003409,2019/03/22 14:37:28.000000000,10003409,2019/03/22 14:37:29.000000000
2019,34,236,,1,,,,,10003409,2019/03/22 14:37:25.000000000,10003409,2019/03/22 14:37:30.000000000
2021,34,221,,1,,,,,10003409,2019/03/22 14:37:46.000000000,10003409,2019/03/22 14:37:49.000000000
2022,34,223,,,,,,,10003409,2019/03/22 14:37:52.000000000,,
2060,85,38,,1,,,,,50002151,2019/06/28 15:38:45.000000000,50002151,2019/06/28 15:38:49.000000000
2062,85,41,,1,,,,,50002151,2019/06/28 15:38:54.000000000,50002151,2019/06/28 15:38:59.000000000
2023,34,422,1,1,1,1,1,1,10003409,2019/03/22 14:38:09.000000000,10003409,2019/03/22 14:38:20.000000000
2024,34,392,,1,,,,,10003409,2019/03/22 14:38:26.000000000,10003409,2019/03/22 14:38:30.000000000
2025,34,393,,1,,,,,10003409,2019/03/22 14:38:28.000000000,10003409,2019/03/22 14:38:31.000000000
2026,34,385,,1,,,,,10003409,2019/03/22 14:39:25.000000000,10003409,2019/03/22 14:39:26.000000000
2027,34,387,,1,,,,,10003409,2019/03/22 14:39:30.000000000,10003409,2019/03/22 14:39:31.000000000
2028,34,21,,,,,,,10003409,2019/03/22 14:39:37.000000000,,
2029,34,128,,1,,,,,10003409,2019/03/22 14:39:39.000000000,10003409,2019/03/22 14:39:40.000000000
2030,34,26,,,,,,,10003409,2019/03/22 14:40:12.000000000,,
2031,34,28,,1,,,,,10003409,2019/03/22 14:40:14.000000000,10003409,2019/03/22 14:40:16.000000000
2032,34,14,,,,,,,10003409,2019/03/22 14:40:32.000000000,,
2033,34,171,,1,,,,,10003409,2019/03/22 14:40:35.000000000,10003409,2019/03/22 14:40:36.000000000
2034,34,245,,,,,,,10003409,2019/03/22 14:40:59.000000000,,
2035,34,246,,1,,,,,10003409,2019/03/22 14:41:01.000000000,10003409,2019/03/22 14:41:03.000000000
2064,85,236,,1,,,,,50002151,2019/06/28 15:39:10.000000000,50002151,2019/06/28 15:39:12.000000000
2036,5,34,1,1,1,,,,10003409,2019/03/22 14:43:20.000000000,10003409,2019/03/22 14:43:24.000000000
2078,93,50,,,,,,,10003409,2019/08/01 14:36:11.000000000,,
2066,85,221,0,1,,,,,50002151,2019/06/28 15:39:21.000000000,50002151,2019/06/28 15:39:25.000000000
2067,85,223,,,,,,,50002151,2019/06/28 15:39:37.000000000,,
2068,85,21,,,,,,,50002151,2019/06/28 15:40:13.000000000,,
2070,85,26,,,,,,,50002151,2019/06/28 15:41:26.000000000,,
2115,92,39,1,1,1,,,,10003409,2019/08/05 14:33:14.000000000,10003409,2019/08/05 14:33:39.000000000
2150,5,221,,1,,,,,10003409,2019/12/24 09:58:46.000000000,10003409,2019/12/24 09:58:49.000000000
2082,93,30,,,,,,,10003409,2019/08/01 14:36:47.000000000,,
2084,93,97,,1,,,,,10003409,2019/08/01 14:37:11.000000000,10003409,2019/08/01 14:37:13.000000000
2086,93,38,,1,,,,,10003409,2019/08/01 14:37:27.000000000,10003409,2019/08/01 14:37:30.000000000
2045,4,455,1,1,1,,,,10003409,2019/04/26 16:22:35.000000000,50002352,2019/08/07 19:02:59.000000000
2108,92,55,1,1,1,,,,10003409,2019/08/05 14:31:21.000000000,10003409,2019/08/05 14:31:30.000000000
2088,93,40,1,1,1,,,,10003409,2019/08/01 14:37:34.000000000,10003409,2019/08/01 14:37:37.000000000
2110,92,30,,,,,,,10003409,2019/08/05 14:32:19.000000000,,
2090,93,44,1,1,1,,,,10003409,2019/08/01 14:37:41.000000000,10003409,2019/08/01 14:37:51.000000000
2092,93,236,,1,,,,,10003409,2019/08/01 14:37:59.000000000,10003409,2019/08/01 14:38:01.000000000
2094,93,21,,,,,,,10003409,2019/08/01 14:38:23.000000000,,
2098,93,28,,1,,,,,10003409,2019/08/01 14:38:49.000000000,10003409,2019/08/01 14:38:51.000000000
2100,93,246,,1,,,,,10003409,2019/08/01 14:39:14.000000000,10003409,2019/08/01 14:39:16.000000000
2152,5,388,,1,,,,,10003409,2019/12/24 09:58:57.000000000,10003409,2019/12/24 09:58:58.000000000
2156,5,210,,,,,,,10003409,2019/12/24 10:00:24.000000000,,
2102,93,171,1,1,1,,,,10003409,2019/08/01 15:46:57.000000000,10003409,2019/08/01 15:47:04.000000000
2117,92,41,0,1,0,,,,10003409,2019/08/05 14:33:16.000000000,10003409,2019/08/05 14:33:52.000000000
2113,92,106,1,1,1,,,,10003409,2019/08/05 14:32:45.000000000,10003409,2019/08/05 14:33:00.000000000
1340,5,94,1,1,1,,,,10003409,2014/04/24 09:23:36.000000000,10003409,2019/12/24 13:20:16.000000000
2119,92,94,1,1,1,,,,10003409,2019/08/05 14:33:21.000000000,10003409,2019/08/05 14:33:27.000000000
2165,5,14,,,,,,,88003651,2020/01/02 16:56:54.000000000,,
2160,5,248,1,1,,,,,88003651,2020/01/02 16:52:30.000000000,88003651,2020/01/02 16:53:43.000000000
2161,5,250,1,1,0,,,,88003651,2020/01/02 16:52:37.000000000,88003651,2020/01/02 16:54:03.000000000
2172,3,56,,1,,,,,10003409,2020/01/28 17:05:58.000000000,10003409,2020/01/28 17:06:01.000000000
2121,92,102,1,1,1,0,,,10003409,2019/08/05 14:34:45.000000000,10003409,2019/08/05 14:34:51.000000000
179,5,53,1,1,1,0,1,1,,,88003651,2020/01/02 16:55:47.000000000
2167,5,171,1,1,1,1,,,88003651,2020/01/02 16:56:55.000000000,88003651,2020/01/02 16:57:09.000000000
2174,3,33,,1,,,,,10003409,2020/01/28 17:06:48.000000000,10003409,2020/01/28 17:06:51.000000000
2176,3,106,,1,,,,,10003409,2020/01/28 17:06:57.000000000,10003409,2020/01/28 17:06:59.000000000
2178,3,41,,1,,,,,10003409,2020/01/28 17:07:32.000000000,10003409,2020/01/28 17:07:36.000000000
2180,44,23,,,,,,,10003409,2020/01/29 18:07:37.000000000,,
2184,65,33,,1,,,,,88001549,2020/02/12 15:10:25.000000000,88001549,2020/02/12 15:10:27.000000000
2189,38,393,,1,,,,,10003409,2020/03/03 09:33:00.000000000,10003409,2020/03/03 09:33:05.000000000
2191,86,30,,,,,,,10003409,2020/03/17 13:24:27.000000000,,
